Date,Change,Percent Change,Open,High,Low,Close,Average,Volume,Value
10/04/2025,2.20,9.87%,24.50,24.50,24.50,24.50,24.50,"558,200","13,675,900"
09/04/2025,-2.00,-8.23%,21.90,25.00,21.90,22.30,22.81,"8,278,400","188,847,790"
08/04/2025,-2.70,-10.00%,27.00,27.00,24.30,24.30,24.69,"8,210,200","202,672,300"
04/04/2025,-0.10,-0.37%,25.80,27.00,24.40,27.00,25.46,"9,455,600","240,726,450"
03/04/2025,-3.00,-9.97%,29.60,29.90,27.10,27.10,27.74,"11,618,500","322,267,900"
02/04/2025,0.00,0.00%,30.10,30.40,30.00,30.10,30.18,"2,525,100","76,202,210"
01/04/2025,0.20,0.67%,30.30,30.30,29.70,30.10,29.94,"1,662,700","49,785,070"
31/03/2025,-0.10,-0.33%,30.10,30.30,29.70,29.90,29.98,"2,716,900","81,450,980"
28/03/2025,0.00,0.00%,30.00,30.50,29.60,30.00,29.97,"3,567,200","106,908,410"
27/03/2025,-0.40,-1.32%,30.40,30.50,29.90,30.00,30.15,"3,605,800","108,718,550"
26/03/2025,-0.70,-2.25%,31.10,31.10,30.30,30.40,30.66,"3,637,800","111,545,960"
25/03/2025,-0.30,-0.96%,31.40,31.90,30.80,31.10,31.41,"4,794,700","150,609,770"
24/03/2025,0.50,1.62%,30.50,31.40,30.40,31.40,30.91,"3,548,700","109,696,270"
21/03/2025,0.00,0.00%,30.50,31.20,30.30,30.90,31.01,"1,919,100","59,519,880"
20/03/2025,0.30,0.98%,30.40,31.50,30.20,30.90,30.98,"4,335,500","134,294,300"
19/03/2025,0.20,0.66%,30.40,30.80,30.20,30.60,30.45,"3,521,700","107,234,350"
18/03/2025,-0.30,-0.98%,30.80,31.00,30.40,30.40,30.63,"2,171,700","66,510,360"
17/03/2025,0.20,0.66%,30.60,30.80,30.30,30.70,30.58,"2,257,300","69,020,640"
14/03/2025,-0.10,-0.33%,27.60,30.80,27.60,30.50,30.49,"3,025,800","92,262,170"
13/03/2025,-0.30,-0.97%,30.90,31.30,30.40,30.60,30.76,"5,574,500","171,444,150"
12/03/2025,-0.20,-0.64%,31.10,31.50,30.90,30.90,31.08,"3,252,500","101,089,500"
11/03/2025,0.10,0.32%,30.80,31.30,30.40,31.10,30.88,"4,995,900","154,255,700"
10/03/2025,-0.20,-0.64%,31.00,31.70,30.60,31.00,31.12,"4,422,400","137,616,960"
07/03/2025,0.20,0.65%,31.20,31.60,31.00,31.20,31.30,"5,264,700","164,766,490"
06/03/2025,1.20,4.03%,29.80,31.30,29.70,31.00,30.54,"7,668,000","234,194,170"
05/03/2025,-0.60,-1.97%,27.40,30.90,27.40,29.80,30.37,"4,167,000","126,535,010"
04/03/2025,0.20,0.66%,29.70,30.60,29.60,30.40,30.22,"5,142,400","155,386,070"
03/03/2025,0.50,1.68%,29.70,30.70,29.30,30.20,30.15,"6,811,300","205,351,580"
28/02/2025,-0.20,-0.67%,29.90,30.30,29.50,29.70,29.87,"4,655,100","139,057,300"
27/02/2025,0.20,0.67%,29.80,29.90,29.30,29.90,29.63,"3,992,900","118,300,720"
26/02/2025,0.00,0.00%,29.60,30.40,29.40,29.70,29.89,"6,031,700","180,261,260"
25/02/2025,0.40,1.37%,29.40,29.90,29.20,29.70,29.58,"7,059,100","208,815,910"
24/02/2025,0.80,2.81%,28.50,29.30,28.30,29.30,28.87,"4,850,300","140,023,880"
21/02/2025,-0.30,-1.04%,28.80,28.90,28.30,28.50,28.54,"2,713,600","77,447,400"
20/02/2025,0.50,1.77%,28.40,29.20,28.30,28.80,28.82,"5,837,500","168,214,390"
19/02/2025,0.50,1.80%,28.00,28.40,27.70,28.30,28.08,"3,585,300","100,692,430"
18/02/2025,0.10,0.36%,28.00,28.00,27.70,27.80,27.85,"1,642,600","45,749,240"
17/02/2025,0.20,0.73%,27.60,28.30,27.30,27.70,27.84,"3,432,700","95,562,990"
14/02/2025,0.10,0.36%,27.50,28.10,27.50,27.50,27.83,"2,947,900","82,053,390"
13/02/2025,-0.10,-0.36%,27.00,27.50,27.00,27.40,27.30,"2,031,900","55,475,860"
12/02/2025,-0.20,-0.72%,25.00,28.10,25.00,27.50,27.79,"1,908,800","53,052,710"
11/02/2025,0.00,0.00%,27.10,27.90,27.00,27.70,27.62,"1,088,700","30,065,240"
10/02/2025,0.10,0.36%,27.60,28.00,27.10,27.70,27.50,"2,961,500","81,448,430"
07/02/2025,-0.20,-0.72%,27.80,27.80,27.50,27.60,27.62,"1,320,500","36,474,270"
06/02/2025,0.10,0.36%,27.70,28.30,27.70,27.80,27.92,"1,816,100","50,706,170"
05/02/2025,-0.10,-0.36%,26.20,28.00,25.10,27.70,27.68,"890,200","24,639,350"
04/02/2025,0.60,2.21%,26.00,27.90,26.00,27.80,27.66,"2,657,700","73,524,880"
03/02/2025,-0.30,-1.09%,27.00,27.50,27.00,27.20,27.20,"1,566,100","42,601,390"
24/01/2025,0.10,0.36%,26.80,27.60,26.80,27.50,27.39,"1,052,200","28,816,770"
23/01/2025,0.60,2.24%,26.80,27.70,26.80,27.40,27.35,"2,133,900","58,365,950"
22/01/2025,-0.20,-0.74%,27.00,27.30,24.60,26.80,26.95,"1,584,900","42,710,270"
21/01/2025,0.00,0.00%,26.00,27.40,26.00,27.00,27.11,"1,193,500","32,358,380"
20/01/2025,-0.30,-1.10%,26.30,27.40,26.30,27.00,27.15,"1,693,900","45,995,800"
17/01/2025,0.00,0.00%,27.30,27.50,27.10,27.30,27.31,"1,257,700","34,341,970"
16/01/2025,0.30,1.11%,27.00,28.20,27.00,27.30,27.52,"2,586,900","71,195,220"
15/01/2025,0.40,1.50%,26.50,27.00,26.30,27.00,26.87,"1,392,200","37,402,610"
14/01/2025,0.10,0.38%,26.50,26.80,26.30,26.60,26.51,"1,523,000","40,370,720"
13/01/2025,0.50,1.92%,26.00,26.80,23.80,26.50,26.27,"2,219,800","58,319,920"
10/01/2025,-0.70,-2.62%,26.20,27.00,26.00,26.00,26.49,"2,229,300","59,043,550"
09/01/2025,-0.40,-1.48%,24.40,27.10,24.40,26.70,26.83,"1,010,000","27,099,450"
08/01/2025,0.30,1.12%,26.80,27.40,26.60,27.10,27.03,"2,286,700","61,818,760"
07/01/2025,-0.10,-0.37%,26.90,27.20,26.60,26.80,26.95,"1,922,700","51,813,770"
06/01/2025,-0.60,-2.18%,27.50,27.70,26.90,26.90,27.26,"2,833,600","77,248,680"
03/01/2025,-1.00,-3.51%,25.70,28.50,25.70,27.50,27.90,"3,707,500","103,430,120"
02/01/2025,-0.10,-0.35%,28.60,28.80,28.40,28.50,28.57,"1,400,300","40,008,820"
31/12/2024,-0.40,-1.38%,29.00,29.00,28.60,28.60,28.70,"2,033,300","58,353,590"
30/12/2024,-0.10,-0.34%,28.70,29.50,26.80,29.00,29.10,"1,555,800","45,268,690"
27/12/2024,0.30,1.04%,28.80,29.20,28.70,29.10,28.94,"2,985,100","86,400,890"
26/12/2024,-0.20,-0.69%,29.00,29.20,28.80,28.80,28.94,"1,022,400","29,591,460"
25/12/2024,0.70,2.47%,28.60,29.80,28.30,29.00,29.12,"4,018,300","117,024,960"
24/12/2024,-0.40,-1.39%,28.70,28.80,28.10,28.30,28.38,"2,755,200","78,182,410"
23/12/2024,0.00,0.00%,28.80,29.10,28.70,28.70,28.81,"1,172,800","33,788,180"
20/12/2024,-0.30,-1.03%,28.80,28.80,28.60,28.70,28.70,"1,495,700","42,927,540"
19/12/2024,0.00,0.00%,28.90,29.00,28.20,29.00,28.58,"3,424,000","97,847,780"
18/12/2024,0.10,0.35%,28.90,29.00,28.70,29.00,28.82,"1,777,900","51,247,740"
17/12/2024,-0.10,-0.34%,29.00,29.10,28.70,28.90,28.86,"1,388,700","40,076,250"
16/12/2024,0.20,0.69%,28.00,29.00,26.80,29.00,28.77,"1,524,000","43,847,210"
13/12/2024,-0.30,-1.03%,28.90,29.10,28.60,28.80,28.81,"3,683,400","106,114,110"
12/12/2024,-0.20,-0.68%,29.30,29.70,29.10,29.10,29.37,"2,878,200","84,523,010"
11/12/2024,-0.30,-1.01%,27.50,29.80,27.50,29.30,29.45,"3,533,300","104,064,360"
10/12/2024,-0.10,-0.34%,29.70,29.80,29.30,29.60,29.57,"2,970,300","87,834,620"
09/12/2024,-0.10,-0.34%,29.80,30.00,29.40,29.70,29.67,"4,207,700","124,821,750"
06/12/2024,-0.20,-0.67%,30.30,30.30,29.60,29.80,29.88,"3,244,500","96,939,740"
05/12/2024,2.60,9.49%,27.40,30.10,26.90,30.00,28.97,"10,190,900","295,214,000"
04/12/2024,-0.50,-1.79%,27.90,27.90,27.20,27.40,27.50,"3,311,300","91,070,680"
03/12/2024,-0.40,-1.41%,28.30,28.30,27.80,27.90,28.03,"2,170,000","60,822,780"
02/12/2024,0.30,1.07%,28.20,28.50,27.90,28.30,28.19,"1,884,700","53,132,880"
29/11/2024,0.60,2.19%,27.40,28.10,27.30,28.00,27.81,"3,987,600","110,850,790"
28/11/2024,-0.10,-0.36%,27.50,28.00,27.30,27.40,27.61,"1,872,100","51,687,330"
27/11/2024,0.00,0.00%,26.30,27.70,24.80,27.50,27.40,"1,284,000","35,184,270"
26/11/2024,0.30,1.10%,26.80,27.80,26.30,27.50,27.58,"2,375,400","65,521,360"
25/11/2024,0.20,0.74%,25.50,27.40,25.50,27.20,27.11,"1,492,500","40,467,960"
22/11/2024,-0.20,-0.74%,27.10,27.40,26.90,27.00,27.10,"2,271,300","61,562,760"
21/11/2024,0.00,0.00%,27.20,27.50,27.00,27.20,27.26,"1,442,700","39,323,700"
20/11/2024,0.50,1.87%,25.00,27.80,25.00,27.20,27.24,"2,882,600","78,528,480"
19/11/2024,-0.80,-2.91%,27.50,27.50,26.70,26.70,27.05,"1,724,800","46,659,320"
18/11/2024,1.00,3.77%,26.50,27.80,26.20,27.50,27.09,"3,429,900","92,903,360"
15/11/2024,-0.80,-2.93%,27.10,27.30,26.10,26.50,26.70,"4,422,100","118,063,860"
14/11/2024,-1.00,-3.53%,28.50,28.50,27.10,27.30,27.77,"2,703,100","75,059,800"
13/11/2024,-0.30,-1.05%,28.60,28.60,27.90,28.30,28.21,"2,207,700","62,286,050"
12/11/2024,-0.10,-0.35%,28.70,29.30,28.60,28.60,28.94,"2,277,500","65,899,610"
11/11/2024,-0.50,-1.71%,28.90,29.20,27.50,28.70,28.63,"2,765,400","79,161,710"
08/11/2024,0.10,0.34%,29.10,29.40,28.80,29.20,29.15,"2,586,300","75,380,050"
07/11/2024,-0.20,-0.68%,29.40,29.60,29.10,29.10,29.28,"2,101,500","61,526,000"
06/11/2024,1.10,3.90%,28.40,29.30,28.40,29.30,28.79,"3,314,700","95,430,730"
05/11/2024,0.00,0.00%,28.20,28.50,28.20,28.20,28.38,"1,170,100","33,203,860"
04/11/2024,0.60,2.17%,27.60,28.70,27.40,28.20,28.07,"2,941,500","82,580,170"
01/11/2024,-0.50,-1.78%,28.10,28.20,27.60,27.60,27.80,"2,053,900","57,099,440"
31/10/2024,-0.20,-0.71%,28.30,28.50,27.90,28.10,28.15,"1,639,300","46,148,830"
30/10/2024,-0.40,-1.39%,28.70,28.80,28.10,28.30,28.38,"1,804,200","51,201,740"
29/10/2024,0.10,0.35%,28.90,28.90,28.60,28.70,28.70,"980,000","28,123,950"
28/10/2024,0.20,0.70%,28.30,28.80,28.30,28.60,28.61,"1,578,600","45,166,410"
25/10/2024,0.00,0.00%,28.40,28.70,28.20,28.40,28.44,"1,436,400","40,853,060"
24/10/2024,-0.70,-2.41%,29.10,29.20,28.40,28.40,28.74,"1,792,700","51,522,270"
23/10/2024,0.30,1.04%,29.00,29.10,28.60,29.10,28.87,"1,435,100","41,429,800"
22/10/2024,-0.40,-1.37%,29.20,29.40,28.30,28.80,28.93,"2,852,800","82,527,420"
21/10/2024,-0.60,-2.01%,29.80,29.80,29.20,29.20,29.47,"1,899,400","55,911,150"
18/10/2024,0.10,0.34%,29.70,30.20,29.70,29.80,29.97,"3,270,500","98,020,570"
17/10/2024,0.40,1.37%,29.30,29.70,28.60,29.70,29.14,"3,831,100","111,648,140"
16/10/2024,0.10,0.34%,29.20,29.50,29.00,29.30,29.27,"1,702,300","49,817,940"
15/10/2024,-0.70,-2.34%,29.80,30.00,29.20,29.20,29.47,"4,098,200","120,790,790"
14/10/2024,0.20,0.67%,29.70,30.10,29.60,29.90,29.84,"2,310,300","68,933,000"
11/10/2024,0.20,0.68%,29.50,30.00,29.40,29.70,29.65,"3,006,300","89,141,800"
10/10/2024,-0.60,-1.99%,27.10,30.40,27.10,29.50,29.81,"5,922,500","176,553,920"
09/10/2024,0.10,0.33%,29.80,30.50,29.50,30.10,29.94,"4,057,700","121,488,510"
08/10/2024,-1.70,-5.36%,31.80,31.80,30.00,30.00,30.68,"14,027,400","430,302,380"
07/10/2024,0.40,1.28%,31.30,31.70,31.10,31.70,31.42,"3,571,000","112,206,410"
04/10/2024,-0.40,-1.26%,31.70,31.80,31.30,31.30,31.50,"3,603,400","113,496,310"
03/10/2024,-0.40,-1.25%,32.00,32.30,31.30,31.70,31.68,"5,092,800","161,356,670"
02/10/2024,0.50,1.58%,31.60,32.10,31.20,32.10,31.55,"5,795,500","182,844,890"
01/10/2024,-0.30,-0.94%,31.90,32.50,31.40,31.60,31.96,"4,681,800","149,618,920"
30/09/2024,0.00,0.00%,31.90,32.00,31.30,31.90,31.70,"3,199,100","101,420,740"
27/09/2024,0.50,1.59%,31.40,32.30,31.20,31.90,31.70,"5,160,200","163,572,860"
26/09/2024,0.20,0.64%,31.30,31.90,31.00,31.40,31.44,"4,500,000","141,479,640"
25/09/2024,1.70,5.76%,29.60,31.50,29.50,31.20,30.90,"7,574,300","234,029,010"
24/09/2024,0.60,2.08%,28.90,29.60,28.90,29.50,29.21,"3,359,300","98,140,240"
23/09/2024,0.50,1.76%,28.40,29.40,28.20,28.90,28.87,"6,272,300","181,105,010"
20/09/2024,0.20,0.71%,28.50,28.90,28.20,28.40,28.59,"3,690,900","105,525,260"
19/09/2024,0.00,0.00%,28.20,28.60,28.10,28.20,28.31,"2,230,200","63,131,200"
18/09/2024,0.70,2.55%,27.60,28.60,27.40,28.20,28.21,"5,836,700","164,525,890"
17/09/2024,0.90,3.38%,26.70,27.50,26.60,27.50,27.12,"2,591,500","70,286,550"
16/09/2024,-0.70,-2.56%,27.30,27.40,26.60,26.60,26.95,"1,849,200","49,834,670"
13/09/2024,0.50,1.87%,26.90,27.60,26.80,27.30,27.32,"2,731,800","74,623,030"
12/09/2024,-0.40,-1.47%,27.40,27.40,26.80,26.80,27.02,"1,867,000","50,439,170"
11/09/2024,1.00,3.82%,26.20,27.30,26.10,27.20,26.84,"4,152,600","111,468,200"
10/09/2024,-0.50,-1.87%,26.90,27.10,26.10,26.20,26.54,"2,692,900","71,463,200"
09/09/2024,-0.40,-1.48%,26.80,27.20,26.70,26.70,26.89,"1,941,500","52,201,800"
06/09/2024,-0.40,-1.45%,27.50,27.60,26.90,27.10,27.14,"2,510,200","68,134,540"
05/09/2024,0.00,0.00%,27.80,28.00,27.30,27.50,27.67,"1,983,700","54,895,130"
04/09/2024,-0.50,-1.79%,28.00,28.00,27.50,27.50,27.61,"3,023,400","83,490,850"
30/08/2024,-0.10,-0.36%,28.10,28.20,27.90,28.00,28.03,"2,067,400","57,941,060"
29/08/2024,-0.10,-0.35%,28.20,28.50,28.10,28.10,28.25,"1,824,100","51,533,940"
28/08/2024,-0.30,-1.05%,28.50,28.70,27.90,28.20,28.26,"2,997,400","84,719,720"
27/08/2024,-0.10,-0.35%,28.60,28.70,27.90,28.50,28.29,"2,296,400","64,975,860"
26/08/2024,-0.10,-0.35%,29.00,29.20,28.60,28.60,28.83,"2,890,600","83,348,850"
23/08/2024,0.20,0.70%,28.40,29.00,28.10,28.70,28.58,"3,126,400","89,345,250"
22/08/2024,0.30,1.06%,28.20,28.70,28.10,28.50,28.44,"3,176,500","90,343,300"
21/08/2024,0.20,0.71%,28.00,28.20,27.60,28.20,27.87,"2,821,100","78,621,880"
20/08/2024,0.50,1.82%,27.70,28.50,27.30,28.00,27.85,"3,616,600","100,732,160"
19/08/2024,0.00,0.00%,28.10,28.10,27.20,27.50,27.40,"2,347,600","64,329,140"
16/08/2024,2.10,8.27%,22.90,27.50,22.90,27.50,26.84,"6,271,100","168,320,400"
15/08/2024,-0.50,-1.93%,25.90,26.10,25.40,25.40,25.64,"1,894,300","48,573,530"
14/08/2024,-0.40,-1.52%,26.50,26.80,25.80,25.90,26.13,"1,924,200","50,270,710"
13/08/2024,0.60,2.33%,27.40,27.40,26.00,26.30,26.36,"3,617,600","95,374,370"
12/08/2024,0.20,0.68%,29.50,29.60,29.00,29.60,29.27,"4,303,900","125,983,870"
09/08/2024,1.20,4.26%,28.70,29.70,28.40,29.40,29.20,"4,565,000","133,301,730"
08/08/2024,-0.90,-3.09%,29.20,29.40,27.80,28.20,28.55,"2,983,400","85,175,430"
07/08/2024,-0.30,-1.02%,29.40,29.60,28.70,29.10,29.09,"1,766,200","51,372,760"
06/08/2024,1.30,4.63%,28.10,29.80,28.10,29.40,28.80,"3,850,000","110,884,970"
05/08/2024,-1.50,-5.07%,29.60,29.60,27.30,28.10,28.37,"3,985,800","113,088,690"
02/08/2024,1.70,6.09%,25.20,29.90,25.20,29.60,28.42,"3,975,100","112,969,690"
01/08/2024,-2.50,-8.22%,30.50,30.70,27.70,27.90,28.77,"7,239,500","208,267,050"
31/07/2024,0.00,0.00%,30.50,30.90,30.10,30.40,30.50,"2,889,700","88,149,570"
30/07/2024,-0.70,-2.25%,31.10,31.20,30.00,30.40,30.55,"3,048,000","93,131,390"
29/07/2024,0.10,0.32%,31.00,31.50,30.90,31.10,31.19,"2,244,100","70,003,760"
26/07/2024,0.50,1.64%,30.50,31.00,30.20,31.00,30.56,"1,867,800","57,077,340"
25/07/2024,-0.10,-0.33%,30.60,30.60,29.90,30.50,30.18,"1,884,800","56,876,020"
24/07/2024,0.60,2.00%,30.50,31.20,29.00,30.60,29.86,"4,547,100","135,795,490"
23/07/2024,-1.80,-5.45%,33.00,33.60,31.00,31.20,32.20,"6,146,800","197,899,600"
22/07/2024,-2.40,-6.78%,35.40,35.50,32.70,33.00,33.86,"7,077,900","239,681,160"
19/07/2024,0.40,1.14%,35.30,35.80,34.90,35.40,35.46,"5,035,800","178,544,300"
18/07/2024,0.70,2.04%,34.30,35.00,34.30,35.00,34.66,"2,800,600","97,065,210"
17/07/2024,-0.20,-0.58%,34.60,35.70,33.30,34.30,34.65,"7,241,000","250,911,620"
16/07/2024,-0.70,-1.99%,35.20,35.70,34.30,34.50,34.98,"3,604,200","126,082,860"
15/07/2024,0.10,0.28%,35.20,35.90,34.90,35.20,35.38,"2,846,000","100,703,490"
12/07/2024,0.20,0.57%,34.90,35.50,34.80,35.10,35.13,"4,305,700","151,263,750"
11/07/2024,1.30,3.87%,33.60,35.10,33.60,34.90,34.47,"6,171,100","212,712,760"
10/07/2024,-0.40,-1.18%,34.00,34.20,33.60,33.60,33.81,"2,772,000","93,729,200"
09/07/2024,0.10,0.29%,34.10,34.50,33.60,34.00,34.13,"3,497,300","119,363,620"
08/07/2024,1.10,3.35%,32.80,34.00,32.80,33.90,33.46,"3,730,400","124,835,020"
05/07/2024,0.70,2.18%,32.10,32.90,31.70,32.80,32.30,"3,471,900","112,133,660"
04/07/2024,0.00,0.00%,32.10,32.70,31.90,32.10,32.31,"1,958,700","63,290,500"
03/07/2024,-0.10,-0.31%,32.40,32.50,31.90,32.10,32.16,"1,517,200","48,794,510"
02/07/2024,0.40,1.26%,31.80,32.20,31.70,32.20,31.98,"2,189,800","70,024,940"
01/07/2024,0.70,2.25%,31.10,31.80,31.10,31.80,31.49,"1,901,300","59,873,220"
28/06/2024,-0.20,-0.64%,31.20,32.00,30.50,31.10,31.34,"3,951,800","123,844,100"
27/06/2024,-0.70,-2.19%,32.00,32.00,31.30,31.30,31.46,"2,011,900","63,301,980"
26/06/2024,-0.10,-0.31%,32.20,32.30,31.20,32.00,31.63,"2,872,000","90,849,930"
25/06/2024,0.40,1.26%,31.70,32.30,31.60,32.10,31.90,"2,497,600","79,664,250"
24/06/2024,-3.00,-8.65%,34.70,34.70,31.60,31.70,32.62,"8,790,600","286,754,990"
21/06/2024,0.50,1.46%,34.20,35.00,33.80,34.70,34.56,"3,209,200","110,923,800"
20/06/2024,-0.10,-0.29%,34.30,34.60,33.60,34.20,34.02,"3,513,200","119,502,930"
19/06/2024,0.10,0.29%,34.20,34.40,33.70,34.30,34.13,"2,903,300","99,099,390"
18/06/2024,0.60,1.79%,33.60,34.30,33.50,34.20,33.83,"3,781,400","128,019,478"
17/06/2024,-0.30,-0.88%,34.00,34.00,33.10,33.60,33.61,"4,195,500","141,006,300"
14/06/2024,-1.20,-3.42%,35.30,35.60,33.90,33.90,34.88,"5,378,500","187,585,960"
13/06/2024,0.20,0.57%,34.90,35.30,34.70,35.10,34.91,"2,414,300","84,282,750"
12/06/2024,0.60,1.75%,34.00,35.00,34.00,34.90,34.66,"3,493,200","121,089,810"
11/06/2024,0.70,2.08%,33.60,34.70,33.60,34.30,34.16,"4,659,000","159,167,430"
10/06/2024,0.40,1.20%,33.40,34.00,33.00,33.60,33.58,"3,384,000","113,653,790"
07/06/2024,-0.30,-0.90%,33.80,33.90,32.90,33.20,33.29,"3,509,100","116,819,010"
06/06/2024,-0.30,-0.89%,34.00,34.20,33.40,33.50,33.71,"2,271,600","76,586,690"
05/06/2024,0.30,0.90%,33.60,34.50,33.40,33.80,33.88,"4,645,200","157,369,850"
04/06/2024,0.30,0.90%,32.80,34.10,32.80,33.50,33.61,"2,805,100","94,283,370"
03/06/2024,0.20,0.61%,33.10,33.80,33.10,33.20,33.44,"3,646,800","121,954,800"
31/05/2024,-0.60,-1.79%,32.90,33.80,32.90,33.00,33.28,"2,611,300","86,902,480"
30/05/2024,0.10,0.30%,33.50,33.90,32.30,33.60,32.89,"7,065,200","232,403,700"
29/05/2024,-0.70,-2.05%,34.30,34.30,33.20,33.50,33.78,"3,600,300","121,625,620"
28/05/2024,1.60,4.91%,32.60,34.40,32.60,34.20,33.75,"7,596,500","256,401,970"
27/05/2024,0.60,1.88%,32.30,33.00,31.70,32.60,32.12,"3,465,100","111,312,880"
24/05/2024,-1.20,-3.61%,33.00,33.20,31.00,32.00,32.11,"7,274,000","233,556,240"
23/05/2024,0.50,1.53%,31.20,33.20,31.20,33.20,32.43,"5,016,400","162,688,870"
22/05/2024,-0.10,-0.30%,32.80,33.40,31.80,32.70,32.66,"4,686,700","153,048,450"
21/05/2024,0.80,2.50%,31.90,32.80,31.50,32.80,32.32,"6,592,800","213,110,470"
20/05/2024,0.20,0.63%,31.80,32.40,31.50,32.00,31.95,"4,192,200","133,920,590"
17/05/2024,1.80,6.00%,30.00,32.30,30.00,31.80,31.29,"8,256,700","258,390,010"
16/05/2024,0.10,0.33%,30.00,30.50,29.70,30.00,30.11,"3,861,400","116,278,460"
15/05/2024,1.00,3.46%,29.00,30.40,28.80,29.90,29.72,"7,818,500","232,390,580"
14/05/2024,-0.10,-0.34%,29.10,29.20,28.70,28.90,28.94,"1,861,400","53,876,610"
13/05/2024,0.40,1.40%,28.70,29.30,28.30,29.00,28.98,"5,216,900","151,205,460"
10/05/2024,0.30,1.06%,28.30,28.60,27.80,28.60,28.26,"2,786,100","78,729,550"
09/05/2024,-0.20,-0.70%,28.50,28.80,28.00,28.30,28.36,"2,676,700","75,908,040"
08/05/2024,0.70,2.52%,27.80,28.70,27.40,28.50,28.21,"5,742,900","161,987,370"
07/05/2024,0.10,0.36%,27.80,27.90,27.50,27.80,27.65,"2,191,701","60,607,267"
06/05/2024,1.00,3.75%,26.70,28.00,26.70,27.70,27.51,"4,653,100","127,994,940"
03/05/2024,-0.10,-0.37%,26.80,27.40,26.60,26.70,26.93,"2,721,800","73,289,440"
02/05/2024,-0.20,-0.74%,27.00,27.00,26.10,26.80,26.58,"1,727,000","45,900,580"
26/04/2024,-0.60,-2.17%,27.40,27.40,26.80,27.00,27.08,"2,695,200","72,993,970"
25/04/2024,-0.30,-1.08%,27.90,27.90,27.10,27.60,27.41,"2,205,900","60,467,360"
24/04/2024,1.20,4.49%,24.10,27.90,24.10,27.90,27.48,"3,782,000","103,934,690"
23/04/2024,-0.60,-2.20%,27.50,27.70,26.00,26.70,26.75,"4,183,900","111,908,370"
22/04/2024,1.70,6.64%,25.90,27.70,25.90,27.30,26.78,"3,813,900","102,132,910"
19/04/2024,-1.40,-5.19%,27.00,27.10,25.10,25.60,26.08,"8,292,500","216,279,430"
17/04/2024,-1.50,-5.26%,28.60,28.70,27.00,27.00,27.65,"4,828,700","133,492,670"
16/04/2024,0.60,2.15%,28.00,28.50,27.00,28.50,27.90,"5,242,300","146,248,110"
15/04/2024,-1.70,-5.74%,29.90,30.30,27.50,27.90,29.30,"8,197,000","240,180,010"
12/04/2024,0.60,2.07%,29.00,29.70,28.80,29.60,29.36,"3,542,600","104,013,600"
11/04/2024,0.20,0.69%,28.90,29.10,27.80,29.00,28.60,"3,010,600","86,104,550"
10/04/2024,-0.40,-1.37%,29.40,29.40,28.80,28.80,28.98,"1,642,700","47,607,940"
09/04/2024,0.90,3.18%,28.30,29.30,28.30,29.20,28.85,"2,533,700","73,101,370"
08/04/2024,0.00,0.00%,28.30,28.70,28.00,28.30,28.40,"3,046,600","86,523,580"
05/04/2024,-1.10,-3.74%,29.20,29.40,28.30,28.30,28.81,"4,657,100","134,193,550"
04/04/2024,-0.30,-1.01%,29.80,29.80,29.30,29.40,29.53,"3,894,000","114,993,710"
03/04/2024,-0.70,-2.30%,30.80,30.90,29.70,29.70,30.46,"6,212,600","189,225,350"
02/04/2024,0.40,1.33%,30.10,30.40,29.30,30.40,29.71,"4,659,200","138,402,260"
01/04/2024,-0.30,-0.99%,30.30,30.50,29.60,30.00,29.98,"4,751,000","142,438,100"
29/03/2024,-0.50,-1.62%,31.00,31.00,30.30,30.30,30.50,"2,786,300","84,992,300"
28/03/2024,1.30,4.41%,29.50,30.80,29.50,30.80,30.03,"6,557,800","196,957,410"
27/03/2024,0.20,0.68%,29.40,29.80,29.30,29.50,29.48,"2,286,100","67,395,710"
26/03/2024,0.30,1.03%,28.80,29.30,28.60,29.30,29.00,"3,403,000","98,687,050"
25/03/2024,-0.70,-2.36%,29.70,29.90,28.70,29.00,29.23,"5,897,400","172,360,260"
22/03/2024,0.30,1.02%,30.00,30.00,29.30,29.70,29.64,"5,357,000","158,763,560"
21/03/2024,0.70,2.44%,28.80,29.60,28.80,29.40,29.39,"5,635,200","165,534,810"
20/03/2024,0.50,1.77%,28.30,28.70,28.10,28.70,28.44,"3,172,900","90,249,320"
19/03/2024,-0.30,-1.05%,28.50,28.60,28.00,28.20,28.28,"1,921,100","54,404,400"
18/03/2024,-1.20,-4.04%,29.70,29.80,27.00,28.50,28.06,"9,650,800","270,768,490"
15/03/2024,-0.10,-0.34%,29.80,29.90,28.90,29.70,29.36,"4,652,900","136,614,840"
14/03/2024,0.40,1.36%,29.40,30.30,29.10,29.80,29.71,"6,497,500","193,008,640"
13/03/2024,1.50,5.38%,27.90,29.60,27.80,29.40,28.79,"6,709,900","193,206,860"
12/03/2024,0.00,0.00%,28.00,28.30,27.40,27.90,27.72,"5,368,800","148,847,050"
11/03/2024,-0.70,-2.45%,28.60,28.80,27.50,27.90,28.30,"4,587,400","129,829,780"
08/03/2024,-0.60,-2.05%,29.20,29.40,28.50,28.60,28.75,"7,134,600","205,114,480"
07/03/2024,0.20,0.69%,29.10,29.80,28.80,29.20,29.37,"5,455,000","160,230,470"
06/03/2024,-0.20,-0.68%,29.10,29.50,28.30,29.00,28.85,"4,716,700","136,091,960"
05/03/2024,0.90,3.18%,28.30,29.40,28.10,29.20,28.72,"5,471,100","157,121,820"
04/03/2024,-0.10,-0.35%,28.50,29.10,28.30,28.30,28.54,"4,895,701","139,745,149"
01/03/2024,0.50,1.79%,28.00,29.30,28.00,28.40,28.69,"5,102,800","145,836,570"
29/02/2024,0.00,0.00%,27.90,28.50,27.60,27.90,28.01,"4,239,400","118,736,740"
28/02/2024,0.00,0.00%,28.00,28.10,27.40,27.90,27.70,"4,618,400","127,946,120"
27/02/2024,-0.10,-0.36%,28.00,28.40,27.80,27.90,28.04,"4,428,400","124,153,270"
26/02/2024,1.80,6.87%,26.30,28.10,26.10,28.00,27.11,"8,168,100","221,421,290"
23/02/2024,-0.30,-1.13%,26.50,27.00,26.00,26.20,26.57,"6,079,600","161,562,300"
22/02/2024,-0.50,-1.85%,27.00,27.10,26.30,26.50,26.66,"4,494,400","119,812,860"
21/02/2024,-0.30,-1.10%,27.30,27.30,26.70,27.00,26.97,"3,368,300","90,848,310"
20/02/2024,0.20,0.74%,27.30,27.80,27.10,27.30,27.37,"4,043,400","110,661,020"
19/02/2024,-0.10,-0.37%,27.20,27.40,26.40,27.10,26.71,"5,817,000","155,378,140"
16/02/2024,0.10,0.37%,27.10,27.70,26.90,27.20,27.27,"2,418,200","65,934,110"
15/02/2024,0.10,0.37%,27.10,27.20,26.70,27.10,26.92,"2,784,800","74,980,640"
07/02/2024,0.30,1.12%,26.80,27.30,26.60,27.00,26.96,"2,576,300","69,460,360"
06/02/2024,-0.40,-1.48%,27.30,27.40,26.60,26.70,26.89,"4,538,300","122,023,890"
05/02/2024,0.50,1.88%,26.70,27.40,26.30,27.10,26.72,"3,328,700","88,930,050"
02/02/2024,0.70,2.70%,25.90,27.50,25.90,26.60,26.64,"4,712,800","125,540,120"
01/02/2024,0.20,0.78%,25.70,25.90,25.50,25.90,25.76,"2,726,700","70,238,000"
31/01/2024,0.80,3.21%,24.90,26.20,24.90,25.70,25.73,"8,879,900","228,444,290"
30/01/2024,0.30,1.22%,24.60,24.90,24.20,24.90,24.49,"3,149,400","77,123,680"
29/01/2024,0.00,0.00%,24.60,24.80,24.40,24.60,24.57,"2,328,600","57,210,920"
26/01/2024,-0.10,-0.40%,24.70,24.90,24.50,24.60,24.73,"3,723,900","92,107,260"
25/01/2024,0.30,1.23%,24.40,24.80,24.30,24.70,24.66,"3,294,200","81,228,230"
24/01/2024,0.20,0.83%,24.20,24.90,24.10,24.40,24.60,"7,950,000","195,557,700"
23/01/2024,0.10,0.41%,24.00,24.30,23.80,24.20,24.02,"3,760,600","90,336,370"
22/01/2024,0.70,2.99%,23.40,24.10,23.20,24.10,23.69,"4,873,500","115,438,750"
19/01/2024,-0.20,-0.85%,23.60,24.00,23.30,23.40,23.57,"4,174,100","98,401,520"
18/01/2024,-0.10,-0.42%,21.40,24.20,21.40,23.60,23.79,"2,523,000","60,021,810"
17/01/2024,0.40,1.72%,23.30,24.50,23.10,23.70,23.98,"8,438,200","202,340,140"
16/01/2024,0.60,2.64%,22.70,23.30,22.50,23.30,22.80,"3,518,600","80,211,550"
15/01/2024,-0.50,-2.16%,23.30,23.60,22.70,22.70,23.09,"3,579,600","82,641,600"
12/01/2024,-0.20,-0.85%,23.60,23.80,23.00,23.20,23.37,"5,171,700","120,841,340"
11/01/2024,0.70,3.08%,23.00,23.80,22.90,23.40,23.36,"7,655,200","178,815,850"
10/01/2024,-0.20,-0.87%,22.90,23.10,22.50,22.70,22.77,"4,682,400","106,604,850"
09/01/2024,-0.30,-1.29%,22.60,23.40,22.60,22.90,23.16,"3,279,500","75,968,860"
08/01/2024,0.30,1.31%,23.20,23.40,22.90,23.20,23.16,"4,065,400","94,158,180"
05/01/2024,0.20,0.88%,22.70,23.00,22.60,22.90,22.77,"2,241,100","51,040,010"
04/01/2024,0.00,0.00%,22.70,23.40,22.70,22.70,23.10,"7,277,000","168,092,700"
03/01/2024,0.20,0.89%,22.60,22.70,22.40,22.70,22.57,"2,464,200","55,623,040"
02/01/2024,-0.20,-0.88%,22.90,23.00,22.50,22.50,22.71,"3,228,000","73,315,590"
29/12/2023,-0.10,-0.44%,22.80,22.90,22.60,22.70,22.74,"2,754,900","62,638,040"
28/12/2023,0.00,0.00%,20.60,23.00,20.60,22.80,22.78,"2,036,000","46,382,670"
27/12/2023,0.10,0.44%,22.80,23.20,22.80,22.80,22.94,"3,097,800","71,068,700"
26/12/2023,0.00,0.00%,20.50,22.90,20.50,22.70,22.70,"2,768,200","62,828,220"
25/12/2023,0.10,0.44%,22.60,22.90,22.40,22.70,22.65,"3,014,500","68,285,120"
22/12/2023,-0.30,-1.31%,23.00,23.30,22.30,22.60,22.79,"3,859,000","87,960,940"
21/12/2023,-0.10,-0.43%,21.30,23.10,21.30,22.90,22.80,"1,955,600","44,591,450"
20/12/2023,-0.10,-0.43%,23.10,23.30,22.90,23.00,23.07,"3,401,900","78,494,350"
19/12/2023,0.60,2.67%,22.20,23.10,20.30,23.10,22.74,"4,521,200","102,815,470"
18/12/2023,-0.10,-0.44%,22.60,22.80,22.10,22.50,22.61,"2,955,500","66,815,340"
15/12/2023,0.60,2.73%,22.00,23.00,22.00,22.60,22.54,"5,123,900","115,479,110"
14/12/2023,0.10,0.46%,22.30,22.70,21.90,22.00,22.18,"3,241,900","71,911,720"
13/12/2023,-0.50,-2.23%,22.40,22.80,21.80,21.90,22.20,"4,192,100","93,060,960"
12/12/2023,-0.10,-0.44%,20.30,22.60,20.30,22.40,22.38,"2,097,400","46,942,340"
11/12/2023,0.50,2.27%,22.00,22.60,21.70,22.50,22.21,"3,407,500","75,687,060"
08/12/2023,-0.60,-2.65%,22.60,22.70,21.60,22.00,22.29,"3,939,200","87,806,430"
07/12/2023,-0.80,-3.42%,23.40,23.50,22.10,22.60,22.61,"10,386,300","234,802,390"
06/12/2023,0.20,0.86%,23.20,23.50,23.00,23.40,23.27,"4,018,100","93,508,640"
05/12/2023,0.20,0.87%,23.10,23.50,22.80,23.20,23.10,"5,249,300","121,240,540"
04/12/2023,1.30,5.99%,21.80,23.50,21.70,23.00,22.84,"8,241,300","188,269,740"
01/12/2023,0.30,1.40%,21.50,21.90,21.20,21.70,21.55,"3,969,200","85,526,880"
30/11/2023,-0.20,-0.93%,21.30,21.90,21.30,21.40,21.68,"4,273,300","92,625,310"
29/11/2023,0.20,0.93%,21.50,21.90,21.30,21.60,21.56,"4,612,200","99,445,890"
28/11/2023,0.50,2.39%,20.90,21.50,20.30,21.40,20.91,"4,691,500","98,080,300"
27/11/2023,-0.60,-2.79%,21.50,21.60,20.80,20.90,21.11,"2,897,600","61,177,710"
24/11/2023,1.60,8.04%,20.00,21.50,19.90,21.50,20.45,"7,076,700","144,721,420"
23/11/2023,-2.10,-9.55%,22.00,22.30,19.90,19.90,21.31,"4,877,000","103,927,130"
22/11/2023,0.40,1.85%,21.70,22.00,21.50,22.00,21.66,"5,865,700","127,039,100"
21/11/2023,0.20,0.93%,21.50,21.80,21.30,21.60,21.54,"4,042,800","87,075,560"
20/11/2023,0.80,3.88%,20.50,21.70,19.90,21.40,20.76,"5,990,000","124,344,400"
17/11/2023,-0.90,-4.19%,21.60,21.80,20.50,20.60,20.99,"7,172,300","150,569,800"
16/11/2023,0.40,1.90%,21.10,21.50,20.80,21.50,21.07,"3,059,900","64,460,450"
15/11/2023,0.20,0.96%,21.00,22.20,20.90,21.10,21.48,"5,613,200","120,552,490"
14/11/2023,0.30,1.46%,20.70,21.30,20.50,20.90,20.93,"3,708,700","77,631,000"
13/11/2023,0.20,0.98%,20.40,20.90,19.90,20.60,20.39,"3,757,800","76,639,240"
10/11/2023,0.00,0.00%,20.40,21.20,20.10,20.40,20.60,"5,805,100","119,613,600"
09/11/2023,-0.10,-0.49%,20.60,21.50,20.40,20.40,20.94,"7,049,000","147,603,890"
08/11/2023,1.80,9.63%,18.70,20.50,18.40,20.50,19.58,"6,923,000","135,525,740"
07/11/2023,0.00,0.00%,18.70,19.20,18.30,18.70,18.77,"4,012,900","75,342,010"
06/11/2023,0.30,1.63%,18.70,18.90,18.40,18.70,18.67,"3,243,200","60,554,640"
03/11/2023,-0.20,-1.08%,18.90,19.00,18.10,18.40,18.45,"3,481,600","64,236,490"
02/11/2023,1.30,7.51%,17.50,18.80,17.50,18.60,18.18,"5,496,100","99,894,700"
01/11/2023,1.30,8.13%,15.90,17.40,14.40,17.30,16.62,"4,452,900","73,997,510"
31/10/2023,-1.20,-6.98%,17.00,17.60,15.80,16.00,16.72,"5,556,800","92,906,610"
30/10/2023,-1.30,-7.03%,18.60,18.60,17.20,17.20,17.84,"2,456,700","43,835,410"
27/10/2023,0.40,2.21%,18.00,18.70,16.60,18.50,18.22,"3,350,400","61,054,060"
26/10/2023,-1.80,-9.05%,19.70,19.90,18.00,18.10,18.38,"8,988,800","165,222,060"
25/10/2023,-0.50,-2.45%,20.50,20.80,19.80,19.90,20.38,"3,345,300","68,168,060"
24/10/2023,0.20,0.99%,20.30,20.70,19.90,20.40,20.28,"2,340,400","47,469,220"
23/10/2023,-0.50,-2.42%,20.70,20.80,19.80,20.20,20.36,"2,374,400","48,347,290"
20/10/2023,0.90,4.55%,19.80,20.80,18.70,20.70,19.63,"6,721,800","131,928,490"
19/10/2023,-1.00,-4.81%,20.90,21.00,19.80,19.80,20.35,"3,916,500","79,719,590"
18/10/2023,0.40,1.96%,20.40,21.30,19.10,20.80,20.48,"8,501,000","174,120,070"
17/10/2023,-1.60,-7.27%,22.00,22.50,20.40,20.40,21.73,"5,027,900","109,236,930"
16/10/2023,-0.90,-3.93%,22.80,23.20,22.00,22.00,22.57,"4,619,000","104,269,910"
13/10/2023,-0.30,-1.29%,23.20,23.40,22.40,22.90,22.80,"5,737,300","130,833,890"
12/10/2023,-0.30,-1.28%,23.50,23.80,22.80,23.20,23.37,"5,387,700","125,902,340"
11/10/2023,1.00,4.44%,22.60,23.50,22.10,23.50,22.80,"5,719,500","130,381,430"
10/10/2023,0.10,0.45%,22.50,23.70,22.40,22.50,23.06,"7,407,200","170,792,980"
09/10/2023,0.40,1.82%,22.00,22.60,21.70,22.40,22.20,"4,521,400","100,392,710"
06/10/2023,1.10,5.26%,20.70,22.10,20.60,22.00,21.32,"4,198,400","89,502,790"
05/10/2023,-0.80,-3.69%,21.90,22.00,20.60,20.90,21.37,"4,404,500","94,110,159"
04/10/2023,1.10,5.34%,20.60,22.50,19.70,21.70,21.26,"4,848,800","103,065,026"
03/10/2023,-1.40,-6.36%,21.90,22.00,20.00,20.60,20.84,"8,090,100","168,577,782"
02/10/2023,-0.80,-3.51%,22.80,22.90,21.90,22.00,22.32,"5,080,500","113,396,608"
29/09/2023,-0.10,-0.44%,23.40,23.40,22.20,22.80,22.63,"4,888,800","110,617,069"
28/09/2023,0.20,0.88%,22.00,23.40,22.00,22.90,22.64,"6,029,700","136,531,281"
27/09/2023,2.00,9.66%,20.70,22.70,20.70,22.70,21.67,"6,298,800","136,463,691"
26/09/2023,1.00,5.08%,19.70,21.60,19.20,20.70,20.70,"6,427,200","133,013,025"
25/09/2023,-2.10,-9.63%,21.80,22.30,19.70,19.70,20.87,"5,782,100","120,655,948"
22/09/2023,-1.60,-6.84%,23.00,23.00,21.20,21.80,22.07,"7,573,500","167,153,734"
21/09/2023,-1.10,-4.49%,24.50,24.60,23.30,23.40,23.94,"5,102,400","122,156,456"
20/09/2023,0.40,1.66%,24.10,25.00,24.10,24.50,24.62,"3,211,400","79,078,766"
19/09/2023,0.60,2.55%,23.30,24.10,23.00,24.10,23.65,"3,283,700","77,669,783"
18/09/2023,0.10,0.43%,23.40,23.80,22.90,23.50,23.32,"3,435,900","80,138,244"
15/09/2023,-0.20,-0.85%,23.70,23.90,22.70,23.40,23.28,"3,514,400","81,823,948"
14/09/2023,0.60,2.61%,23.00,24.30,22.80,23.60,23.38,"6,074,500","142,049,570"
13/09/2023,-0.10,-0.43%,23.10,23.80,22.40,23.00,23.33,"4,977,400","116,138,719"
12/09/2023,2.10,10.00%,20.90,23.10,20.80,23.10,22.01,"6,023,800","132,560,740"
11/09/2023,0.00,0.00%,21.10,21.60,20.80,21.00,21.17,"4,291,600","90,852,829"
08/09/2023,0.10,0.48%,21.00,21.20,20.70,21.00,20.94,"2,444,600","51,198,920"
07/09/2023,-0.20,-0.95%,21.10,21.30,20.70,20.90,20.96,"3,221,300","67,509,589"
06/09/2023,0.70,3.43%,20.40,21.60,20.10,21.10,20.91,"3,969,100","82,982,013"
05/09/2023,0.00,0.00%,20.40,20.80,20.20,20.40,20.36,"3,653,300","74,381,955"
31/08/2023,0.30,1.49%,20.10,20.60,20.10,20.40,20.34,"3,495,600","71,111,305"
30/08/2023,1.00,5.24%,19.20,20.20,18.90,20.10,19.59,"6,870,500","134,579,629"
29/08/2023,0.30,1.60%,19.00,19.20,18.70,19.10,18.96,"3,264,100","61,901,927"
28/08/2023,0.20,1.08%,18.60,18.90,18.50,18.80,18.69,"2,856,300","53,379,705"
25/08/2023,0.10,0.54%,18.50,18.90,18.30,18.60,18.62,"3,463,900","64,490,856"
24/08/2023,0.50,2.78%,18.10,18.50,17.80,18.50,18.26,"2,912,300","53,192,315"
23/08/2023,-0.10,-0.55%,18.10,18.60,17.90,18.00,18.17,"1,701,500","30,914,162"
22/08/2023,0.70,4.02%,17.40,18.40,16.50,18.10,17.48,"4,134,000","72,255,003"
21/08/2023,0.30,1.75%,16.50,17.80,16.50,17.40,17.44,"3,431,200","59,842,084"
18/08/2023,-1.90,-10.00%,19.00,19.10,17.10,17.10,18.07,"5,991,500","108,264,608"
17/08/2023,0.10,0.53%,18.90,19.50,18.90,19.00,19.30,"4,349,100","83,956,375"
16/08/2023,0.00,0.00%,18.90,19.00,18.60,18.90,18.79,"2,008,000","37,721,806"
15/08/2023,-0.20,-1.05%,19.10,19.30,18.80,18.90,19.00,"1,902,800","36,153,105"
14/08/2023,0.80,4.37%,18.40,19.60,18.30,19.10,18.91,"4,519,800","85,470,684"
11/08/2023,0.20,1.10%,18.00,18.30,17.70,18.30,17.95,"2,006,100","36,006,145"
10/08/2023,0.00,0.00%,18.00,18.90,18.00,18.10,18.30,"2,878,600","52,667,902"
09/08/2023,-0.40,-1.89%,21.30,21.40,20.70,20.80,20.98,"4,883,400","102,446,895"
08/08/2023,0.00,0.00%,21.30,21.60,21.10,21.20,21.31,"4,053,400","86,378,319"
07/08/2023,0.50,2.42%,20.80,21.50,20.80,21.20,21.24,"3,763,100","79,916,315"
04/08/2023,0.40,1.97%,20.30,20.80,20.30,20.70,20.47,"2,340,800","47,922,309"
03/08/2023,-0.50,-2.40%,20.80,20.90,20.30,20.30,20.51,"2,756,400","56,542,943"
02/08/2023,0.30,1.46%,20.50,20.90,20.40,20.80,20.63,"2,533,700","52,257,689"
01/08/2023,-0.70,-3.30%,21.20,21.30,20.50,20.50,20.83,"3,717,800","77,460,177"
31/07/2023,0.10,0.47%,21.10,21.50,20.90,21.20,21.13,"2,644,700","55,870,927"
28/07/2023,0.50,2.43%,20.60,21.20,20.50,21.10,21.00,"5,179,400","108,772,113"
27/07/2023,0.30,1.48%,20.20,20.80,20.20,20.60,20.47,"5,009,500","102,527,032"
26/07/2023,0.10,0.50%,20.10,20.30,20.00,20.30,20.12,"2,045,400","41,158,398"
25/07/2023,0.00,0.00%,20.40,20.50,20.10,20.20,20.26,"3,097,500","62,762,629"
24/07/2023,-0.10,-0.49%,20.30,20.60,20.00,20.20,20.24,"4,104,600","83,073,902"
21/07/2023,0.60,3.05%,19.80,20.30,19.70,20.30,20.00,"2,517,000","50,343,499"
20/07/2023,-0.20,-1.01%,19.90,20.00,19.50,19.70,19.68,"3,318,900","65,299,955"
19/07/2023,-0.30,-1.49%,20.20,20.30,19.90,19.90,20.08,"3,744,200","75,188,254"
18/07/2023,-0.20,-0.98%,20.40,20.50,20.10,20.20,20.25,"1,885,100","38,164,641"
17/07/2023,0.00,0.00%,20.40,20.60,20.20,20.40,20.38,"3,793,400","77,313,323"
14/07/2023,0.00,0.00%,20.50,20.60,20.00,20.40,20.25,"3,511,200","71,119,005"
13/07/2023,0.20,0.99%,20.30,20.50,19.90,20.40,20.21,"2,722,600","55,023,610"
12/07/2023,-0.10,-0.49%,20.40,20.80,19.90,20.20,20.27,"4,865,300","98,600,802"
11/07/2023,-0.30,-1.46%,20.40,20.80,20.30,20.30,20.51,"3,068,700","62,943,210"
10/07/2023,0.80,4.04%,19.90,20.80,19.80,20.60,20.42,"4,395,400","89,771,122"
07/07/2023,0.10,0.51%,19.70,20.00,19.10,19.80,19.58,"2,824,800","55,319,245"
06/07/2023,0.30,1.55%,19.50,20.00,19.20,19.70,19.65,"4,955,500","97,394,307"
05/07/2023,0.50,2.65%,19.10,20.40,18.90,19.40,19.70,"7,480,500","147,371,236"
04/07/2023,0.50,2.72%,18.50,19.00,18.40,18.90,18.81,"2,098,700","39,473,525"
03/07/2023,-0.10,-0.54%,18.60,18.70,18.40,18.40,18.50,"1,493,400","27,633,635"
30/06/2023,0.10,0.54%,18.40,18.70,18.40,18.50,18.51,"1,950,700","36,106,833"
29/06/2023,-0.70,-3.66%,19.10,19.20,18.40,18.40,18.75,"3,278,000","61,452,174"
28/06/2023,0.00,0.00%,19.30,19.50,19.00,19.10,19.18,"1,884,600","36,152,018"
27/06/2023,-0.20,-1.04%,19.30,19.40,19.00,19.10,19.19,"2,165,400","41,548,786"
26/06/2023,-0.20,-1.03%,19.50,19.50,18.10,19.30,18.91,"3,825,300","72,354,670"
23/06/2023,0.20,1.04%,19.40,19.60,19.20,19.50,19.40,"3,203,000","62,128,143"
22/06/2023,-0.10,-0.52%,19.40,19.60,19.20,19.30,19.33,"2,702,900","52,242,327"
21/06/2023,0.20,1.04%,19.50,19.80,19.20,19.40,19.52,"2,805,500","54,755,224"
20/06/2023,0.30,1.59%,18.90,19.30,18.80,19.20,19.06,"1,822,100","34,723,414"
19/06/2023,0.00,0.00%,18.90,19.10,18.70,18.90,18.91,"2,424,900","45,863,128"
16/06/2023,0.20,1.07%,18.70,19.80,18.70,18.90,19.30,"6,082,100","117,399,127"
15/06/2023,0.10,0.54%,18.60,18.80,18.50,18.70,18.66,"2,061,700","38,465,178"
14/06/2023,0.10,0.54%,18.50,19.20,18.50,18.60,18.91,"7,244,000","137,006,859"
13/06/2023,0.10,0.54%,18.40,18.70,18.20,18.50,18.50,"3,443,800","63,702,758"
12/06/2023,0.10,0.55%,18.40,18.60,18.00,18.40,18.28,"2,580,800","47,165,410"
09/06/2023,0.30,1.67%,18.00,18.30,17.70,18.30,18.03,"3,315,900","59,801,229"
08/06/2023,-0.70,-3.74%,18.70,18.80,18.00,18.00,18.33,"4,011,100","73,542,917"
07/06/2023,-0.10,-0.53%,18.90,19.00,18.50,18.70,18.69,"3,116,800","58,260,722"
06/06/2023,0.60,3.30%,18.20,18.80,17.90,18.80,18.40,"6,654,100","122,411,419"
05/06/2023,-0.30,-1.62%,18.50,18.90,18.10,18.20,18.41,"3,360,600","61,863,874"
02/06/2023,0.10,0.54%,18.60,18.80,18.40,18.50,18.60,"2,936,000","54,609,189"
01/06/2023,0.10,0.55%,18.30,18.60,18.00,18.40,18.24,"3,177,600","57,954,753"
31/05/2023,-0.20,-1.08%,18.50,18.60,18.10,18.30,18.35,"3,356,100","61,575,575"
30/05/2023,0.10,0.54%,18.50,18.70,18.10,18.50,18.38,"3,680,800","67,664,478"
29/05/2023,0.90,5.14%,17.60,18.40,17.60,18.40,18.08,"5,732,500","103,633,282"
26/05/2023,0.10,0.57%,17.40,17.60,17.30,17.50,17.48,"2,016,000","35,233,430"
25/05/2023,-0.20,-1.14%,17.60,17.70,17.20,17.40,17.41,"2,552,400","44,441,495"
24/05/2023,0.10,0.57%,17.90,17.90,17.60,17.60,17.71,"3,533,600","62,569,844"
23/05/2023,0.10,0.57%,17.40,17.80,17.40,17.50,17.65,"4,856,600","85,696,261"
22/05/2023,0.30,1.75%,17.20,17.50,17.10,17.40,17.34,"2,094,700","36,319,836"
19/05/2023,0.00,0.00%,17.20,17.50,16.90,17.10,17.18,"1,994,500","34,267,764"
18/05/2023,0.30,1.79%,16.90,17.50,16.80,17.10,17.14,"2,920,800","50,062,775"
17/05/2023,-0.60,-3.45%,17.40,17.50,16.60,16.80,17.09,"5,075,400","86,762,440"
16/05/2023,0.00,0.00%,17.40,17.60,17.20,17.40,17.39,"2,041,400","35,496,435"
15/05/2023,-0.30,-1.69%,17.70,18.30,17.40,17.40,17.82,"3,348,300","59,672,967"
12/05/2023,0.40,2.31%,17.30,17.70,17.10,17.70,17.31,"3,768,800","65,222,853"
11/05/2023,-0.20,-1.14%,17.40,17.70,17.20,17.30,17.43,"3,464,600","60,374,916"
10/05/2023,-0.10,-0.57%,17.60,18.10,17.50,17.50,17.73,"3,622,600","64,216,925"
09/05/2023,0.00,0.00%,17.40,17.80,17.20,17.60,17.41,"2,175,800","37,881,440"
08/05/2023,0.10,0.57%,17.70,18.00,17.40,17.60,17.76,"2,804,600","49,805,433"
05/05/2023,0.30,1.74%,17.20,17.80,17.10,17.50,17.47,"4,059,900","70,934,045"
04/05/2023,0.40,2.38%,16.90,17.40,16.60,17.20,16.98,"3,845,000","65,269,029"
28/04/2023,0.20,1.20%,15.00,17.00,15.00,16.80,16.75,"2,822,000","47,255,237"
27/04/2023,-0.10,-0.60%,16.80,16.80,16.40,16.60,16.58,"1,952,000","32,363,633"
26/04/2023,0.40,2.45%,16.30,16.80,16.00,16.70,16.53,"1,781,400","29,443,371"
25/04/2023,-1.10,-6.32%,17.40,17.50,16.00,16.30,16.61,"6,244,400","103,708,869"
24/04/2023,-0.20,-1.14%,17.50,17.90,17.30,17.40,17.56,"4,061,100","71,320,956"
21/04/2023,0.90,5.39%,16.70,17.90,16.70,17.60,17.35,"7,983,300","138,476,645"
20/04/2023,0.30,1.83%,16.30,16.70,16.30,16.70,16.49,"1,669,500","27,523,802"
19/04/2023,-0.40,-2.38%,16.80,17.30,16.40,16.40,16.83,"5,009,800","84,332,669"
18/04/2023,0.60,3.70%,16.20,16.90,16.00,16.80,16.48,"3,939,600","64,907,156"
17/04/2023,0.20,1.25%,16.10,16.20,15.80,16.20,16.06,"1,582,800","25,424,057"
14/04/2023,-0.30,-1.84%,16.50,16.70,15.80,16.00,16.16,"5,114,200","82,651,865"
13/04/2023,-0.40,-2.40%,16.90,16.90,16.30,16.30,16.55,"3,122,200","51,669,100"
12/04/2023,-0.50,-2.91%,17.20,17.40,16.60,16.70,16.91,"2,225,300","37,621,589"
11/04/2023,0.50,2.99%,16.70,17.30,16.40,17.20,16.84,"4,427,700","74,581,330"
10/04/2023,-0.20,-1.18%,17.00,17.50,16.30,16.70,17.03,"4,637,900","78,978,660"
07/04/2023,0.90,5.62%,16.00,17.10,16.00,16.90,16.60,"6,048,000","100,380,531"
06/04/2023,-0.80,-4.76%,16.80,17.20,15.90,16.00,16.55,"6,001,400","99,351,857"
05/04/2023,-0.10,-0.59%,16.80,17.00,16.50,16.80,16.76,"4,288,700","71,862,015"
04/04/2023,0.40,2.42%,16.50,17.00,16.20,16.90,16.64,"4,463,300","74,279,131"
03/04/2023,0.70,4.43%,16.10,16.70,16.00,16.50,16.49,"4,035,300","66,556,664"
31/03/2023,1.00,6.76%,14.80,15.80,14.70,15.80,15.44,"7,820,200","120,707,915"
30/03/2023,0.20,1.37%,14.70,15.50,14.60,14.80,15.07,"4,898,800","73,837,065"
29/03/2023,0.20,1.39%,14.40,14.70,14.30,14.60,14.49,"2,583,600","37,425,306"
28/03/2023,-0.10,-0.69%,14.70,14.90,14.40,14.40,14.61,"2,800,400","40,896,633"
27/03/2023,0.20,1.40%,14.60,14.80,14.30,14.50,14.62,"3,109,900","45,462,477"
24/03/2023,0.30,2.14%,14.10,14.60,14.10,14.30,14.41,"3,892,700","56,098,478"
23/03/2023,0.30,2.19%,13.60,14.10,13.50,14.00,13.85,"2,363,600","32,745,409"
22/03/2023,0.10,0.74%,13.60,14.00,13.60,13.70,13.79,"1,675,000","23,095,654"
21/03/2023,0.30,2.26%,13.30,13.70,13.20,13.60,13.45,"1,495,600","20,109,613"
20/03/2023,-0.40,-2.92%,13.70,13.80,13.20,13.30,13.49,"1,817,000","24,519,179"
17/03/2023,0.00,0.00%,13.70,14.10,13.70,13.70,13.82,"1,589,700","21,977,571"
16/03/2023,-0.50,-3.52%,14.00,14.20,13.70,13.70,13.90,"2,049,500","28,496,432"
15/03/2023,1.20,9.23%,13.30,14.20,13.30,14.20,13.90,"3,743,400","52,050,105"
14/03/2023,-0.60,-4.41%,12.30,13.60,12.30,13.00,13.14,"1,857,200","24,411,204"
13/03/2023,0.10,0.74%,13.40,13.60,13.30,13.60,13.44,"1,604,000","21,561,674"
10/03/2023,-0.40,-2.88%,13.90,13.90,13.40,13.50,13.56,"2,304,900","31,247,598"
09/03/2023,0.00,0.00%,13.90,14.00,13.70,13.90,13.85,"1,492,400","20,673,187"
08/03/2023,0.40,2.96%,13.30,13.90,13.20,13.90,13.52,"2,203,600","29,782,976"
07/03/2023,0.40,3.05%,13.00,13.60,13.00,13.50,13.41,"1,804,000","24,155,903"
06/03/2023,0.10,0.77%,13.00,13.60,13.00,13.10,13.38,"1,251,000","16,740,269"
03/03/2023,-0.40,-2.99%,13.50,13.70,13.00,13.00,13.41,"1,344,400","18,027,826"
02/03/2023,-0.10,-0.74%,13.50,13.60,13.30,13.40,13.46,"811,900","10,926,664"
01/03/2023,0.60,4.65%,12.90,13.50,12.80,13.50,13.22,"1,217,300","16,094,508"
28/02/2023,0.10,0.78%,12.80,13.20,12.80,12.90,12.98,"1,030,900","13,385,535"
27/02/2023,-0.70,-5.19%,13.50,13.50,12.80,12.80,13.03,"2,227,200","29,020,060"
24/02/2023,-0.40,-2.88%,13.90,14.00,13.50,13.50,13.67,"1,359,800","18,582,265"
23/02/2023,0.10,0.72%,13.80,13.90,13.30,13.90,13.62,"1,978,800","26,942,213"
22/02/2023,-0.80,-5.48%,14.40,14.50,13.80,13.80,14.13,"3,729,200","52,686,883"
21/02/2023,-0.20,-1.35%,14.80,14.90,14.50,14.60,14.70,"2,290,000","33,655,649"
20/02/2023,1.20,8.82%,13.70,14.80,13.60,14.80,14.30,"3,154,700","45,101,200"
17/02/2023,-0.20,-1.45%,13.80,13.90,13.50,13.60,13.66,"968,800","13,236,375"
16/02/2023,0.40,2.99%,13.50,13.80,13.50,13.80,13.65,"1,282,900","17,513,946"
15/02/2023,0.50,3.88%,12.90,13.60,12.90,13.40,13.34,"1,162,000","15,505,228"
14/02/2023,0.10,0.78%,12.90,13.20,12.80,12.90,12.99,"653,800","8,490,417"
13/02/2023,-0.60,-4.48%,13.40,13.50,12.50,12.80,12.88,"2,800,400","36,055,430"
10/02/2023,-0.30,-2.19%,13.70,13.80,13.40,13.40,13.58,"1,282,600","17,415,887"
09/02/2023,-0.30,-2.14%,14.00,14.10,13.70,13.70,13.88,"719,800","9,993,948"
08/02/2023,0.40,2.94%,13.60,14.10,13.50,14.00,13.76,"1,842,500","25,355,177"
07/02/2023,-0.50,-3.55%,14.10,14.40,13.50,13.60,14.02,"3,016,300","42,302,190"
06/02/2023,0.00,0.00%,14.40,14.40,13.80,14.10,14.02,"1,381,200","19,364,604"
03/02/2023,0.00,0.00%,14.30,14.40,14.00,14.10,14.18,"1,201,300","17,037,125"
02/02/2023,0.10,0.71%,14.10,14.30,13.90,14.10,14.13,"2,464,200","34,807,860"
01/02/2023,-1.20,-7.89%,15.30,15.50,13.90,14.00,14.84,"4,267,700","63,351,330"
31/01/2023,0.30,2.01%,14.90,15.20,14.50,15.20,14.79,"2,476,700","36,632,771"
30/01/2023,-0.10,-0.67%,15.10,15.40,14.40,14.90,15.04,"2,976,700","44,757,125"
27/01/2023,-0.30,-1.96%,15.30,16.00,15.00,15.00,15.31,"1,882,500","28,824,238"
19/01/2023,0.30,2.00%,14.90,15.50,14.70,15.30,15.17,"2,751,300","41,726,078"
18/01/2023,-0.10,-0.66%,15.20,15.20,14.80,15.00,15.01,"2,205,800","33,103,742"
17/01/2023,0.80,5.59%,14.50,15.10,14.50,15.10,14.88,"2,545,400","37,864,810"
16/01/2023,0.20,1.42%,14.10,14.60,14.00,14.30,14.32,"1,766,100","25,299,312"
13/01/2023,-0.10,-0.70%,14.30,14.80,14.00,14.10,14.44,"2,734,000","39,473,055"
12/01/2023,0.00,0.00%,14.30,14.40,13.90,14.20,14.12,"1,617,600","22,837,406"
11/01/2023,0.30,2.16%,13.40,14.60,13.40,14.20,14.35,"2,868,600","41,175,913"
10/01/2023,0.30,2.21%,13.20,14.10,12.50,13.90,13.78,"2,072,900","28,566,987"
09/01/2023,-0.10,-0.73%,14.00,14.20,13.60,13.60,13.90,"1,424,500","19,798,171"
06/01/2023,0.30,2.24%,12.20,14.30,12.20,13.70,13.98,"4,343,400","60,723,468"
05/01/2023,0.10,0.75%,12.90,13.60,12.60,13.40,13.39,"1,673,500","22,409,437"
04/01/2023,-0.20,-1.48%,12.80,13.90,12.70,13.30,13.57,"1,882,400","25,547,537"
03/01/2023,1.20,9.76%,11.50,13.50,11.50,13.50,13.14,"3,078,400","40,463,013"
30/12/2022,0.00,0.00%,12.30,12.70,12.30,12.30,12.42,"1,248,800","15,504,726"
29/12/2022,-0.50,-3.91%,12.80,12.90,12.10,12.30,12.54,"889,900","11,161,402"
28/12/2022,0.00,0.00%,12.90,13.10,12.50,12.80,12.75,"1,375,600","17,544,045"
27/12/2022,1.10,9.40%,10.60,12.80,10.60,12.80,12.18,"1,572,300","19,099,166"
26/12/2022,-1.10,-8.59%,12.00,12.80,11.60,11.70,12.07,"2,309,600","27,884,471"
23/12/2022,-0.40,-3.03%,13.20,13.20,12.60,12.80,12.85,"1,177,700","15,135,895"
22/12/2022,0.20,1.54%,11.70,13.50,11.70,13.20,13.08,"1,184,700","15,500,947"
21/12/2022,-0.40,-2.99%,12.10,13.90,12.10,13.00,12.91,"3,235,700","41,778,291"
20/12/2022,-0.40,-2.90%,13.40,14.00,13.10,13.40,13.45,"3,410,200","45,876,329"
19/12/2022,-0.20,-1.43%,13.90,14.80,13.80,13.80,14.38,"4,262,400","61,289,220"
16/12/2022,-0.10,-0.71%,13.10,14.40,13.10,14.00,14.11,"2,657,200","37,491,896"
15/12/2022,0.10,0.71%,13.90,14.30,13.00,14.10,14.00,"1,764,200","24,699,717"
14/12/2022,-0.20,-1.41%,14.30,14.80,13.90,14.00,14.42,"2,842,100","40,986,919"
13/12/2022,1.20,9.23%,11.70,14.20,11.70,14.20,13.35,"3,158,000","42,147,584"
12/12/2022,-1.00,-7.14%,14.00,14.70,13.00,13.00,13.93,"3,417,700","47,616,456"
09/12/2022,-0.30,-2.10%,14.60,14.70,13.70,14.00,14.08,"2,644,200","37,242,367"
08/12/2022,1.30,10.00%,12.30,14.30,12.20,14.30,14.18,"3,675,800","52,106,340"
07/12/2022,-0.70,-5.11%,13.00,14.00,12.90,13.00,13.27,"4,292,300","56,960,409"
06/12/2022,-1.50,-9.87%,13.70,16.00,13.70,13.70,14.36,"4,979,000","71,522,986"
05/12/2022,0.60,4.11%,14.90,15.40,14.60,15.20,15.11,"3,927,200","59,339,560"
02/12/2022,1.30,9.77%,13.30,14.60,12.80,14.60,13.80,"4,634,800","63,945,409"
01/12/2022,-0.60,-4.32%,14.00,14.40,13.20,13.30,13.91,"4,320,000","60,082,862"
30/11/2022,0.10,0.72%,12.50,14.20,12.50,13.90,13.68,"2,785,500","38,119,400"
29/11/2022,0.30,2.22%,13.30,14.20,12.80,13.80,13.59,"4,134,900","56,177,289"
28/11/2022,1.20,9.76%,12.70,13.50,12.60,13.50,13.31,"2,365,000","31,483,566"
25/11/2022,1.10,9.82%,10.90,12.30,10.90,12.30,11.87,"1,681,900","19,965,768"
24/11/2022,0.30,2.75%,10.90,11.40,10.50,11.20,10.88,"1,255,200","13,661,358"
23/11/2022,-0.70,-6.03%,11.60,11.80,10.90,10.90,11.31,"890,000","10,069,496"
22/11/2022,0.20,1.75%,10.90,12.50,10.60,11.60,11.86,"1,877,600","22,271,828"
21/11/2022,0.20,1.79%,10.10,11.50,10.10,11.40,11.25,"1,011,300","11,378,824"
18/11/2022,0.60,5.66%,9.60,11.60,9.60,11.20,10.69,"2,094,400","22,388,487"
17/11/2022,0.70,7.07%,10.00,10.70,10.00,10.60,10.50,"1,152,200","12,096,925"
16/11/2022,0.90,10.00%,8.10,9.90,8.10,9.90,8.88,"2,297,300","20,392,604"
15/11/2022,-1.00,-10.00%,9.10,10.00,9.00,9.00,9.17,"1,734,100","15,894,986"
14/11/2022,-0.40,-3.85%,9.40,10.70,9.40,10.00,9.86,"1,882,300","18,563,412"
11/11/2022,-0.30,-2.80%,9.90,11.50,9.70,10.40,10.93,"1,173,100","12,818,159"
10/11/2022,-1.10,-9.32%,10.80,11.60,10.70,10.70,10.85,"1,600,100","17,357,517"
09/11/2022,0.00,0.00%,10.70,12.30,10.70,11.80,12.00,"597,200","7,166,502"
08/11/2022,0.60,5.36%,11.10,11.80,10.40,11.80,11.41,"756,500","8,632,717"
07/11/2022,-1.20,-9.68%,11.20,12.60,11.20,11.20,11.57,"1,507,200","17,436,239"
04/11/2022,-0.80,-6.06%,11.90,13.20,11.90,12.40,12.57,"1,054,900","13,261,707"
03/11/2022,-0.20,-1.49%,13.20,13.60,12.90,13.20,13.37,"894,900","11,961,663"
02/11/2022,-0.20,-1.47%,12.30,13.80,12.30,13.40,13.54,"720,400","9,751,406"
01/11/2022,0.30,2.26%,13.50,14.10,13.50,13.60,13.74,"1,022,200","14,049,066"
31/10/2022,0.40,3.10%,13.00,13.50,12.40,13.30,12.90,"1,207,300","15,575,426"
28/10/2022,0.10,0.78%,13.00,13.50,12.80,12.90,13.13,"1,065,300","13,989,743"
27/10/2022,1.10,9.40%,10.60,12.80,10.60,12.80,12.39,"1,475,100","18,274,748"
26/10/2022,-0.40,-3.31%,10.90,12.50,10.90,11.70,11.94,"626,800","7,482,638"
25/10/2022,0.00,0.00%,12.10,13.00,11.10,12.10,12.00,"1,474,800","17,699,591"
24/10/2022,-1.30,-9.70%,13.50,13.80,12.10,12.10,12.51,"2,034,900","25,461,692"
21/10/2022,-1.40,-9.46%,14.80,14.80,13.40,13.40,13.75,"2,220,300","30,531,678"
20/10/2022,-0.30,-1.99%,15.00,15.10,14.80,14.80,14.92,"452,100","6,744,939"
19/10/2022,0.30,2.03%,14.90,15.20,14.80,15.10,15.02,"848,500","12,726,989"
18/10/2022,-0.10,-0.67%,15.30,15.50,14.80,14.80,15.15,"958,400","14,520,546"
17/10/2022,-0.10,-0.67%,15.00,15.00,14.50,14.90,14.71,"688,700","10,130,708"
14/10/2022,0.40,2.74%,14.70,15.70,14.70,15.00,15.21,"1,717,800","26,119,853"
13/10/2022,-0.30,-2.01%,15.00,15.10,14.40,14.60,14.63,"1,060,200","15,505,966"
12/10/2022,0.50,3.47%,13.00,15.50,13.00,14.90,15.03,"1,181,100","17,757,000"
11/10/2022,-1.60,-10.00%,14.40,16.20,14.40,14.40,14.88,"1,563,200","23,267,872"
10/10/2022,0.90,5.96%,15.20,16.20,14.00,16.00,15.47,"1,221,700","18,902,582"
07/10/2022,-0.90,-5.63%,16.50,16.50,14.50,15.10,15.01,"2,564,900","38,492,711"
06/10/2022,-0.90,-5.33%,16.90,17.10,15.90,16.00,16.47,"1,612,200","26,548,678"
05/10/2022,1.10,6.96%,15.90,17.20,15.90,16.90,16.69,"1,483,559","24,620,689"
04/10/2022,0.00,0.00%,16.10,16.60,15.80,15.80,16.22,"1,799,700","29,183,863"
03/10/2022,-1.70,-9.71%,17.50,17.50,15.80,15.80,16.60,"1,678,400","27,867,432"
30/09/2022,0.70,4.17%,16.50,17.50,15.90,17.50,16.75,"2,740,000","45,901,549"
29/09/2022,-0.20,-1.18%,17.30,17.70,16.80,16.80,17.31,"1,441,100","24,950,917"
28/09/2022,0.30,1.80%,16.50,17.50,16.40,17.00,17.04,"2,174,100","37,048,686"
27/09/2022,0.30,1.83%,16.10,16.90,16.10,16.70,16.68,"739,100","12,327,493"
26/09/2022,-0.80,-4.65%,16.70,17.00,15.70,16.40,16.28,"1,638,900","26,688,470"
23/09/2022,-0.50,-2.82%,17.80,17.80,17.00,17.20,17.46,"925,200","16,152,752"
22/09/2022,0.80,4.73%,15.30,17.80,15.30,17.70,17.19,"1,385,800","23,824,854"
21/09/2022,-0.10,-0.59%,17.00,17.10,16.50,16.90,16.84,"607,900","10,234,969"
20/09/2022,1.00,6.25%,16.00,17.10,15.90,17.00,16.42,"1,435,100","23,568,733"
19/09/2022,-1.20,-6.98%,17.20,17.30,15.80,16.00,16.43,"1,710,700","28,108,666"
16/09/2022,-1.00,-5.49%,18.20,18.20,17.20,17.20,17.62,"892,900","15,735,014"
15/09/2022,-0.10,-0.55%,18.40,18.60,18.00,18.20,18.22,"685,100","12,484,982"
14/09/2022,0.40,2.23%,17.60,18.40,17.00,18.30,17.77,"1,724,600","30,533,410"
13/09/2022,0.10,0.56%,18.00,18.00,17.60,17.90,17.72,"700,500","12,413,771"
12/09/2022,-0.20,-1.11%,18.30,18.50,17.80,17.80,18.10,"618,400","11,193,417"
09/09/2022,0.20,1.12%,16.10,18.50,16.10,18.00,17.65,"1,463,800","25,829,615"
08/09/2022,-0.70,-3.78%,16.70,18.90,16.70,17.80,18.21,"1,688,500","30,741,169"
07/09/2022,-0.80,-4.15%,19.20,19.50,18.50,18.50,19.04,"1,718,300","32,710,435"
06/09/2022,0.10,0.52%,19.30,19.60,19.20,19.30,19.43,"1,297,200","25,210,174"
05/09/2022,-0.20,-1.03%,19.40,19.70,19.00,19.20,19.34,"855,000","16,536,829"
31/08/2022,0.10,0.52%,19.30,19.60,18.90,19.40,19.30,"969,800","18,721,300"
30/08/2022,-0.20,-1.03%,19.60,20.10,19.30,19.30,19.63,"1,319,900","25,913,135"
29/08/2022,-0.30,-1.52%,19.70,19.70,18.50,19.50,19.07,"2,888,700","55,079,536"
26/08/2022,-0.60,-2.94%,20.40,20.50,19.60,19.80,20.08,"2,191,900","44,005,330"
25/08/2022,0.00,0.00%,20.40,20.80,20.30,20.40,20.49,"1,856,100","38,040,361"
24/08/2022,-0.20,-0.97%,18.60,20.80,18.60,20.40,20.45,"1,795,000","36,712,435"
23/08/2022,1.10,5.64%,19.60,20.60,18.80,20.60,19.52,"3,747,600","73,170,653"
22/08/2022,-0.50,-2.50%,20.00,20.20,19.40,19.50,19.83,"1,734,600","34,405,496"
19/08/2022,-0.30,-1.48%,20.10,20.60,19.80,20.00,20.19,"1,554,000","31,374,405"
18/08/2022,0.40,2.01%,19.90,20.50,19.60,20.30,20.19,"1,930,600","38,972,115"
17/08/2022,-0.30,-1.49%,20.00,20.40,19.80,19.90,20.12,"2,004,000","40,312,344"
16/08/2022,-0.20,-0.98%,20.40,20.50,20.00,20.20,20.25,"1,247,800","25,271,007"
15/08/2022,-0.10,-0.49%,20.50,21.20,20.30,20.40,20.73,"1,602,200","33,208,847"
12/08/2022,1.80,9.63%,19.40,20.50,19.00,20.50,19.94,"2,323,100","46,320,430"
11/08/2022,-0.30,-1.21%,24.80,25.30,24.10,24.40,24.79,"3,825,300","94,845,062"
10/08/2022,-0.40,-1.59%,25.10,25.20,24.70,24.70,24.91,"2,490,200","61,811,794"
09/08/2022,0.00,0.00%,25.30,25.40,24.70,25.10,25.03,"2,162,700","53,654,821"
08/08/2022,0.10,0.40%,24.90,25.50,24.90,25.10,25.14,"2,465,600","61,975,716"
05/08/2022,1.40,5.93%,23.50,25.00,23.40,25.00,24.28,"3,165,200","76,866,565"
04/08/2022,-0.30,-1.26%,23.90,24.30,23.30,23.60,23.66,"1,944,100","45,960,653"
03/08/2022,0.60,2.58%,23.00,24.00,22.80,23.90,23.48,"2,100,000","49,298,004"
02/08/2022,-0.40,-1.69%,23.70,23.90,23.00,23.30,23.38,"1,920,000","44,880,461"
01/08/2022,1.40,6.28%,22.20,24.00,22.20,23.70,23.18,"2,379,000","55,156,830"
29/07/2022,0.10,0.45%,22.30,22.90,22.00,22.30,22.37,"1,525,300","34,122,639"
28/07/2022,0.70,3.26%,21.90,23.60,21.60,22.20,22.44,"1,914,100","42,957,208"
27/07/2022,0.70,3.37%,20.80,21.70,20.40,21.50,21.26,"1,872,100","39,791,804"
26/07/2022,-0.20,-0.95%,21.00,21.40,20.60,20.80,20.93,"848,300","17,755,377"
25/07/2022,0.70,3.45%,20.30,21.40,19.90,21.00,20.60,"1,557,600","32,089,815"
22/07/2022,-0.50,-2.40%,21.00,21.30,20.30,20.30,20.76,"1,617,100","33,563,768"
21/07/2022,-0.50,-2.35%,21.50,21.50,20.70,20.80,21.00,"1,058,600","22,228,059"
20/07/2022,1.20,5.97%,20.20,21.80,20.20,21.30,21.21,"2,273,900","48,118,767"
19/07/2022,0.70,3.61%,19.40,20.30,19.00,20.10,19.72,"2,341,667","46,181,341"
18/07/2022,0.00,0.00%,19.50,20.00,19.30,19.40,19.62,"1,613,500","30,938,744"
15/07/2022,-0.60,-3.00%,20.00,20.50,19.40,19.40,20.07,"1,233,600","24,820,325"
14/07/2022,1.80,9.89%,18.00,20.00,17.90,20.00,19.10,"2,397,900","45,797,108"
13/07/2022,-0.20,-1.09%,18.40,18.80,18.00,18.20,18.45,"856,300","15,795,250"
12/07/2022,0.50,2.79%,17.90,18.40,17.70,18.40,18.08,"746,700","13,498,298"
11/07/2022,-0.50,-2.72%,18.40,18.80,17.50,17.90,18.24,"1,069,100","19,503,752"
08/07/2022,1.00,5.75%,17.40,18.60,17.40,18.40,18.15,"1,148,500","20,849,226"
07/07/2022,0.20,1.16%,17.10,17.60,16.80,17.40,17.20,"722,300","12,424,997"
06/07/2022,-1.00,-5.49%,18.00,18.20,17.00,17.20,17.68,"1,044,800","18,471,468"
05/07/2022,-0.40,-2.15%,18.60,18.80,18.00,18.20,18.42,"1,146,173","21,112,709"
04/07/2022,0.90,5.08%,17.70,18.90,17.70,18.60,18.55,"1,444,400","26,794,270"
01/07/2022,1.10,6.63%,16.60,18.20,16.10,17.70,17.06,"1,215,400","20,736,632"
30/06/2022,-1.00,-5.68%,17.60,18.60,16.60,16.60,17.64,"1,508,600","26,608,747"
29/06/2022,0.10,0.57%,17.60,18.20,17.30,17.60,17.75,"1,098,200","19,497,289"
28/06/2022,-0.40,-2.23%,17.90,18.10,17.50,17.50,17.81,"1,017,400","18,116,079"
27/06/2022,1.30,7.83%,16.90,17.90,16.60,17.90,17.28,"1,094,500","18,911,154"
24/06/2022,-0.20,-1.19%,16.60,17.20,16.40,16.60,16.84,"1,163,600","19,593,011"
23/06/2022,0.00,0.00%,16.70,17.00,15.50,16.80,16.61,"673,000","11,181,478"
22/06/2022,1.30,8.39%,14.00,17.00,14.00,16.80,16.60,"1,065,800","17,614,694"
21/06/2022,0.90,6.16%,13.60,15.90,13.20,15.50,14.81,"2,382,900","35,293,871"
20/06/2022,-1.60,-9.88%,14.60,16.70,14.60,14.60,15.17,"945,400","14,339,213"
17/06/2022,-1.80,-10.00%,18.00,18.00,16.20,16.20,16.33,"1,398,800","22,845,062"
16/06/2022,-0.60,-3.23%,18.60,19.50,17.60,18.00,18.59,"666,400","12,386,390"
15/06/2022,-1.80,-8.82%,20.40,20.50,18.40,18.60,19.04,"1,079,300","20,551,545"
14/06/2022,-0.30,-1.45%,20.60,21.00,19.80,20.40,20.49,"515,300","10,559,919"
13/06/2022,-2.20,-9.61%,21.00,22.30,20.70,20.70,21.21,"951,700","20,189,792"
10/06/2022,-0.70,-2.97%,23.50,23.90,22.80,22.90,23.30,"698,700","16,277,998"
09/06/2022,0.70,3.06%,23.00,23.90,23.00,23.60,23.55,"717,300","16,892,142"
08/06/2022,0.60,2.69%,22.50,23.50,22.40,22.90,22.99,"764,400","17,572,234"
07/06/2022,-0.20,-0.89%,22.50,22.60,21.10,22.30,21.84,"534,300","11,669,759"
06/06/2022,0.30,1.35%,22.30,23.50,22.20,22.50,22.74,"528,300","12,014,910"
03/06/2022,-0.50,-2.20%,22.70,23.30,22.20,22.20,22.56,"582,600","13,144,621"
02/06/2022,-0.70,-2.99%,23.50,24.00,22.70,22.70,23.32,"726,200","16,935,950"
01/06/2022,-0.10,-0.43%,23.40,23.80,22.90,23.40,23.26,"467,100","10,864,078"
31/05/2022,-0.40,-1.67%,23.90,24.10,22.50,23.50,23.70,"491,600","11,649,308"
30/05/2022,0.10,0.42%,23.80,24.40,23.80,23.90,24.04,"609,689","14,659,471"
27/05/2022,-0.20,-0.83%,24.00,24.50,23.40,23.80,23.91,"577,300","13,804,421"
26/05/2022,0.30,1.27%,23.70,24.70,23.70,24.00,24.04,"595,600","14,316,711"
25/05/2022,1.30,5.80%,22.50,24.00,22.10,23.70,23.26,"745,300","17,335,231"
24/05/2022,1.00,4.67%,21.40,22.40,20.70,22.40,21.36,"553,600","11,824,741"
23/05/2022,-1.60,-6.96%,23.00,23.20,21.00,21.40,22.22,"653,300","14,519,442"
20/05/2022,-0.10,-0.43%,23.10,24.10,22.50,23.00,23.49,"620,000","14,565,728"
19/05/2022,0.50,2.21%,22.50,23.50,21.10,23.10,22.48,"819,700","18,425,053"
18/05/2022,-0.10,-0.44%,23.00,24.20,22.50,22.60,23.21,"893,400","20,731,481"
17/05/2022,2.00,9.66%,18.70,22.70,18.70,22.70,22.12,"751,400","16,620,269"
16/05/2022,0.50,2.48%,18.20,22.00,18.20,20.70,21.27,"628,600","13,369,901"
13/05/2022,-2.20,-9.82%,20.20,22.20,20.20,20.20,20.74,"1,626,900","33,739,124"
12/05/2022,-2.40,-9.68%,24.80,24.80,22.40,22.40,22.92,"858,915","19,687,363"
11/05/2022,0.00,0.00%,25.50,25.50,24.60,24.80,24.99,"191,500","4,785,731"
10/05/2022,-0.10,-0.40%,22.70,25.40,22.50,24.80,24.03,"694,300","16,685,050"
09/05/2022,-2.70,-9.78%,27.60,27.60,24.90,24.90,25.30,"819,100","20,719,577"
06/05/2022,-2.70,-8.91%,30.00,30.00,27.60,27.60,28.60,"459,657","13,145,928"
05/05/2022,0.90,3.06%,29.40,30.30,28.60,30.30,29.44,"687,300","20,248,500"
04/05/2022,-0.90,-2.97%,30.30,30.50,29.20,29.40,30.01,"628,800","18,867,491"
29/04/2022,-0.20,-0.66%,30.50,31.00,29.80,30.30,30.43,"615,000","18,717,279"
28/04/2022,-0.20,-0.65%,30.70,31.20,30.30,30.50,30.73,"389,800","11,977,930"
27/04/2022,0.50,1.66%,30.40,30.80,27.50,30.70,29.99,"366,500","10,992,442"
26/04/2022,1.60,5.59%,28.40,30.40,26.00,30.20,28.33,"1,194,700","33,980,347"
25/04/2022,-3.10,-9.78%,31.80,32.00,28.60,28.60,29.58,"960,600","28,411,388"
22/04/2022,0.20,0.63%,31.50,32.30,30.40,31.70,31.34,"699,200","22,031,097"
21/04/2022,1.40,4.65%,30.10,32.40,27.10,31.50,30.59,"774,800","23,704,998"
20/04/2022,-0.10,-0.33%,30.50,31.20,29.20,30.10,30.38,"795,000","24,150,542"
19/04/2022,-1.60,-5.03%,30.50,32.50,29.80,30.20,31.13,"1,118,000","34,938,411"
18/04/2022,-2.50,-7.29%,34.30,34.30,30.90,31.80,31.73,"2,045,500","64,895,738"
15/04/2022,-1.30,-3.65%,35.80,35.80,34.00,34.30,34.72,"758,215","26,322,752"
14/04/2022,-0.40,-1.11%,36.10,36.60,35.10,35.60,35.64,"373,734","13,319,102"
13/04/2022,1.50,4.35%,34.90,36.00,33.60,36.00,34.63,"923,600","31,982,171"
12/04/2022,-2.00,-5.48%,36.50,36.80,34.50,34.50,35.67,"877,500","31,299,000"
