Date,Change,Percent Change,Open,High,Low,Close,Average,Volume,Value,negative,neutral,positive,total_articles,Target_Label
2025-04-10,7.3,6.93%,112.6,112.6,112.6,112.6,112.6,"1,005,400","113,208,041",0.0,1.0,3.0,4.0,
2025-04-09,0.2,0.19%,97.8,108.0,97.8,105.3,104.03,"18,389,300","1,917,798,399",0.0,0.0,2.0,2.0,1.0
2025-04-08,-7.9,-6.99%,106.0,108.0,105.1,105.1,105.35,"16,591,400","1,749,661,610",1.0,2.0,1.0,4.0,1.0
2025-04-04,-0.5,-0.44%,105.6,113.9,105.6,113.0,107.74,"21,849,500","2,357,532,700",1.0,1.0,1.0,3.0,-1.0
2025-04-03,-8.5,-6.97%,114.7,117.6,113.5,113.5,114.8,"11,574,900","1,328,720,460",1.0,2.0,3.0,6.0,-1.0
2025-04-02,1.5,1.24%,121.2,122.3,120.8,122.0,121.7,"3,920,200","477,086,050",1.0,0.0,1.0,2.0,-1.0
2025-04-01,-0.5,-0.41%,122.0,122.2,118.8,120.5,120.02,"8,304,728","997,483,384",2.0,2.0,3.0,7.0,1.0
2025-03-31,-3.0,-2.42%,123.4,123.4,121.0,121.0,122.24,"5,519,302","674,890,661",2.0,2.0,2.0,6.0,-1.0
2025-03-28,-2.2,-1.74%,126.1,126.4,124.0,124.0,124.74,"3,027,000","377,336,100",2.0,1.0,0.0,3.0,-1.0
2025-03-27,3.2,2.60%,122.0,126.5,121.1,126.2,124.01,"7,224,400","896,749,210",1.0,2.0,2.0,5.0,-1.0
2025-03-26,-3.5,-2.77%,126.5,126.5,122.7,123.0,124.17,"11,419,201","1,419,319,168",2.0,2.0,2.0,6.0,1.0
2025-03-25,-2.5,-1.94%,129.8,129.9,126.5,126.5,127.47,"5,629,200","717,571,380",1.0,1.0,4.0,6.0,-1.0
2025-03-24,1.0,0.78%,128.5,129.3,127.3,129.0,128.38,"5,090,200","653,501,990",1.0,3.0,1.0,5.0,-1.0
2025-03-21,3.0,2.40%,125.0,129.0,125.0,128.0,127.66,"6,424,800","820,204,250",0.0,2.0,0.0,2.0,1.0
2025-03-20,0.4,0.32%,124.6,126.8,124.5,125.0,125.22,"8,708,600","1,090,457,352",1.0,4.0,2.0,7.0,1.0
2025-03-19,-5.4,-4.15%,130.1,130.6,123.5,124.6,126.25,"19,264,400","2,435,625,550",0.0,2.0,3.0,5.0,1.0
2025-03-18,0.0,0.00%,130.1,132.2,130.0,130.0,130.66,"5,628,500","735,263,800",2.0,1.0,2.0,5.0,-1.0
2025-03-17,-1.4,-1.07%,131.6,132.1,129.6,130.0,130.45,"7,623,000","993,978,450",0.0,1.0,1.0,2.0,0.0
2025-03-14,-5.1,-3.74%,135.6,136.3,130.8,131.4,132.63,"16,251,000","2,155,395,960",0.0,2.0,0.0,2.0,-1.0
2025-03-13,0.6,0.44%,136.1,138.0,136.1,136.5,137.03,"3,710,200","508,421,910",0.0,1.0,1.0,2.0,-1.0
2025-03-12,-1.6,-1.16%,137.7,138.7,135.9,135.9,136.59,"6,365,000","869,999,350",0.0,0.0,2.0,2.0,1.0
2025-03-11,-1.8,-1.29%,138.0,138.5,137.0,137.5,137.8,"6,164,400","849,430,540",0.0,2.0,7.0,9.0,-1.0
2025-03-10,-2.1,-1.49%,141.5,141.5,139.2,139.3,140.01,"5,681,900","796,168,000",0.0,1.0,1.0,2.0,-1.0
2025-03-07,-0.2,-0.14%,141.7,142.7,141.1,141.4,141.68,"3,436,000","486,820,709",0.0,2.0,0.0,2.0,-1.0
2025-03-06,2.5,1.80%,139.5,143.5,139.5,141.6,141.46,"6,511,400","921,080,725",0.0,1.0,5.0,6.0,-1.0
2025-03-05,-0.9,-0.64%,140.0,140.1,139.1,139.1,139.62,"2,851,100","398,057,860",0.0,1.0,0.0,1.0,1.0
2025-03-04,-0.5,-0.36%,139.5,140.6,139.3,140.0,139.9,"3,471,300","485,622,530",0.0,1.0,0.0,1.0,-1.0
2025-03-03,0.2,0.14%,140.5,141.4,140.3,140.5,140.74,"2,933,900","412,898,750",1.0,2.0,2.0,5.0,-1.0
2025-02-28,-1.0,-0.71%,140.1,141.1,139.0,140.3,139.71,"6,943,200","970,676,708",0.0,0.0,0.0,0.0,1.0
2025-02-27,-0.5,-0.35%,142.0,142.2,140.7,141.3,141.18,"3,921,700","553,708,860",0.0,0.0,0.0,0.0,-1.0
2025-02-26,2.8,2.01%,139.1,141.8,138.9,141.8,140.28,"3,973,500","557,543,227",0.0,1.0,3.0,4.0,-1.0
2025-02-25,-1.5,-1.07%,140.4,140.4,138.2,139.0,138.81,"7,334,400","1,018,327,760",1.0,1.0,2.0,4.0,1.0
2025-02-24,-1.5,-1.06%,142.0,142.0,139.5,140.5,140.36,"7,517,901","1,055,207,192",0.0,1.0,2.0,3.0,-1.0
2025-02-21,-1.0,-0.70%,142.8,142.9,141.5,142.0,141.95,"5,332,600","756,982,130",0.0,2.0,1.0,3.0,-1.0
2025-02-20,-1.0,-0.69%,144.2,144.6,143.0,143.0,143.35,"3,385,400","485,313,120",1.0,1.0,3.0,5.0,-1.0
2025-02-19,0.1,0.07%,143.9,144.9,143.1,144.0,143.58,"3,469,801","498,207,104",0.0,1.0,3.0,4.0,-1.0
2025-02-18,0.3,0.21%,143.8,144.4,143.1,143.9,143.77,"1,664,400","239,297,440",0.0,2.0,2.0,4.0,1.0
2025-02-17,-1.3,-0.90%,145.0,145.0,143.4,143.6,143.79,"2,816,300","401,807,240",1.0,1.0,3.0,5.0,1.0
2025-02-14,1.8,1.26%,144.0,145.0,143.6,144.9,144.61,"3,251,709","470,242,828",0.0,1.0,2.0,3.0,-1.0
2025-02-13,-1.9,-1.31%,145.0,145.0,142.7,143.1,143.51,"3,248,100","465,945,808",1.0,1.0,1.0,3.0,1.0
2025-02-12,-0.4,-0.28%,145.6,145.7,144.3,145.0,144.98,"2,035,451","293,775,266",0.0,1.0,1.0,2.0,-1.0
2025-02-11,3.4,2.39%,142.2,145.4,140.1,145.4,142.49,"7,361,400","1,028,164,770",1.0,0.0,2.0,3.0,-1.0
2025-02-10,-4.1,-2.81%,145.5,145.5,142.0,142.0,143.27,"7,749,600","1,110,284,000",0.0,3.0,1.0,4.0,1.0
2025-02-07,-0.4,-0.27%,146.5,146.7,145.8,146.1,146.03,"4,365,900","637,557,070",2.0,0.0,0.0,2.0,-1.0
2025-02-06,0.2,0.14%,147.0,147.3,145.6,146.5,146.21,"3,724,601","544,308,216",0.0,1.0,2.0,3.0,-1.0
2025-02-05,0.1,0.07%,146.9,147.5,145.8,146.3,146.56,"5,344,100","783,416,940",0.0,0.0,0.0,0.0,1.0
2025-02-04,0.7,0.48%,146.0,147.0,145.3,146.2,146.05,"7,250,700","1,064,371,880",1.0,0.0,1.0,2.0,1.0
2025-02-03,-7.9,-5.15%,148.0,149.2,145.3,145.5,147.0,"12,863,200","1,890,880,730",3.0,1.0,0.0,4.0,1.0
2025-01-24,-0.9,-0.58%,154.1,154.5,153.4,153.4,153.7,"3,950,706","607,610,341",0.0,1.0,3.0,4.0,-1.0
2025-01-23,4.6,3.07%,150.1,156.0,150.0,154.3,153.95,"8,459,101","1,299,118,061",0.0,1.0,3.0,4.0,-1.0
2025-01-22,-0.2,-0.13%,149.6,150.6,149.2,149.7,149.78,"4,066,602","609,376,849",0.0,1.0,1.0,2.0,1.0
2025-01-21,-0.1,-0.07%,150.5,151.4,149.0,149.9,150.13,"3,475,801","522,390,465",0.0,2.0,1.0,3.0,-1.0
2025-01-20,1.0,0.67%,149.0,150.4,148.2,150.0,149.68,"2,297,711","343,044,955",0.0,1.0,0.0,1.0,-1.0
2025-01-17,2.5,1.71%,146.6,150.1,146.0,149.0,148.24,"3,900,004","578,061,775",0.0,2.0,2.0,4.0,1.0
2025-01-16,1.0,0.69%,146.2,147.0,145.2,146.5,146.13,"3,856,703","563,585,257",1.0,1.0,2.0,4.0,1.0
2025-01-15,0.4,0.28%,146.0,146.5,144.8,145.5,145.31,"3,450,803","502,572,355",2.0,0.0,0.0,2.0,1.0
2025-01-14,-2.5,-1.69%,147.6,148.0,145.1,145.1,145.81,"4,304,503","633,194,442",1.0,1.0,1.0,3.0,1.0
2025-01-13,0.3,0.20%,146.1,148.5,144.7,147.6,146.5,"5,156,707","755,429,570",0.0,1.0,2.0,3.0,-1.0
2025-01-10,-1.5,-1.01%,148.8,149.1,147.2,147.3,148.11,"2,737,703","405,427,205",1.0,0.0,2.0,3.0,1.0
2025-01-09,0.5,0.34%,148.3,149.2,148.0,148.8,148.46,"1,964,401","291,101,718",0.0,1.0,1.0,2.0,-1.0
2025-01-08,-1.8,-1.20%,150.0,150.0,148.1,148.3,148.64,"3,879,902","576,712,079",1.0,1.0,1.0,3.0,1.0
2025-01-07,0.8,0.54%,149.5,151.3,149.5,150.1,150.54,"4,053,304","610,786,146",1.0,1.0,0.0,2.0,-1.0
2025-01-06,0.3,0.20%,149.1,150.2,148.4,149.3,149.32,"3,467,104","517,719,034",0.0,0.0,2.0,2.0,1.0
2025-01-03,-3.0,-1.97%,151.3,151.3,149.0,149.0,150.17,"6,446,104","968,671,896",0.0,2.0,0.0,2.0,1.0
2025-01-02,-0.5,-0.33%,152.5,152.7,150.1,152.0,150.98,"6,190,801","930,773,892",3.0,3.0,2.0,8.0,-1.0
2024-12-31,2.0,1.33%,150.7,153.9,150.3,152.5,152.31,"4,803,202","732,417,350",1.0,0.0,1.0,2.0,-1.0
2024-12-30,0.9,0.60%,149.4,150.8,148.5,150.5,149.76,"3,195,406","480,544,575",0.0,3.0,1.0,4.0,1.0
2024-12-27,-0.2,-0.13%,149.5,149.9,148.7,149.6,149.22,"4,611,705","690,788,297",0.0,0.0,1.0,1.0,1.0
2024-12-26,-1.0,-0.66%,151.0,151.4,149.1,149.8,149.9,"2,943,303","441,107,701",0.0,3.0,0.0,3.0,-1.0
2024-12-25,0.4,0.27%,150.6,151.2,150.4,150.8,150.77,"4,668,104","698,840,460",0.0,0.0,3.0,3.0,-1.0
2024-12-24,0.6,0.40%,150.0,150.8,149.4,150.4,150.03,"4,037,903","607,237,388",0.0,0.0,2.0,2.0,1.0
2024-12-23,0.3,0.20%,149.5,149.9,148.7,149.8,149.16,"4,310,913","648,105,430",0.0,0.0,3.0,3.0,1.0
2024-12-20,1.4,0.95%,148.5,150.6,148.3,149.5,149.73,"4,735,902","710,815,926",0.0,1.0,1.0,2.0,1.0
2024-12-19,-0.6,-0.40%,147.3,149.0,147.2,148.1,148.0,"5,825,454","864,563,788",1.0,0.0,1.0,2.0,1.0
2024-12-18,0.7,0.47%,148.0,149.8,148.0,148.7,149.08,"3,539,440","526,858,208",0.0,0.0,3.0,3.0,-1.0
2024-12-17,-1.9,-1.27%,150.1,150.5,147.7,148.0,148.88,"7,365,505","1,100,732,828",0.0,2.0,0.0,2.0,1.0
2024-12-16,0.4,0.27%,149.6,150.6,149.5,149.9,150.0,"5,671,112","856,141,869",0.0,0.0,0.0,0.0,-1.0
2024-12-13,-0.7,-0.47%,149.5,150.9,149.4,149.5,149.99,"4,864,805","733,166,799",0.0,1.0,1.0,2.0,1.0
2024-12-12,-0.3,-0.20%,151.9,151.9,149.2,150.2,150.16,"5,657,907","854,566,700",1.0,1.0,0.0,2.0,-1.0
2024-12-11,1.0,0.67%,150.0,151.7,149.7,150.5,150.78,"9,266,607","1,402,471,944",3.0,1.0,2.0,6.0,-1.0
2024-12-10,2.5,1.70%,147.1,149.5,147.0,149.5,148.31,"4,287,206","637,205,761",1.0,2.0,2.0,5.0,1.0
2024-12-09,-2.5,-1.67%,149.2,149.5,146.1,147.0,147.05,"5,899,005","878,028,386",0.0,1.0,3.0,4.0,1.0
2024-12-06,1.0,0.67%,151.9,151.9,148.0,149.5,149.51,"5,003,200","748,645,550",0.0,0.0,3.0,3.0,-1.0
2024-12-05,5.0,3.48%,144.0,148.5,143.6,148.5,145.82,"8,805,101","1,290,825,278",0.0,0.0,2.0,2.0,1.0
2024-12-04,-1.5,-1.03%,145.0,146.3,142.8,143.5,145.08,"7,749,101","1,128,988,685",1.0,0.0,2.0,3.0,1.0
2024-12-03,2.8,1.97%,141.7,145.9,141.7,145.0,143.87,"6,971,700","1,003,777,970",1.0,0.0,4.0,5.0,-1.0
2024-12-02,-1.1,-0.77%,144.3,146.0,141.6,142.2,143.49,"7,940,530","1,144,117,659",0.0,2.0,2.0,4.0,1.0
2024-11-29,4.9,3.52%,139.4,145.4,139.0,144.3,142.59,"13,487,700","1,924,458,610",0.0,1.0,4.0,5.0,-1.0
2024-11-28,0.5,0.36%,139.4,140.0,138.3,139.4,139.23,"7,158,700","993,870,340",0.0,1.0,1.0,2.0,1.0
2024-11-27,3.7,2.74%,135.2,139.7,135.2,138.9,138.38,"13,316,300","1,835,254,790",0.0,3.0,4.0,7.0,1.0
2024-11-26,1.3,0.97%,133.4,135.9,133.3,135.2,134.78,"4,501,100","607,440,550",0.0,0.0,6.0,6.0,1.0
2024-11-25,0.0,0.00%,134.0,134.0,133.2,133.9,133.7,"6,637,700","910,555,890",0.0,0.0,0.0,0.0,1.0
2024-11-22,0.9,0.68%,132.9,134.4,132.5,133.9,133.67,"5,575,900","755,990,740",0.0,0.0,6.0,6.0,0.0
2024-11-21,0.6,0.45%,132.4,133.0,131.0,133.0,131.95,"4,329,001","565,732,991",0.0,1.0,2.0,3.0,1.0
2024-11-20,2.4,1.85%,130.0,132.4,126.7,132.4,129.08,"9,620,300","1,247,809,090",0.0,1.0,4.0,5.0,1.0
2024-11-19,-4.0,-2.99%,133.5,133.6,129.9,130.0,130.95,"9,152,800","1,211,171,830",0.0,2.0,2.0,4.0,1.0
2024-11-18,0.1,0.07%,134.0,134.6,132.5,134.0,133.47,"3,993,401","533,014,925",1.0,1.0,0.0,2.0,-1.0
2024-11-15,-2.1,-1.54%,135.3,135.7,132.6,133.9,133.8,"6,563,600","878,197,040",2.0,2.0,1.0,5.0,1.0
2024-11-14,-1.8,-1.31%,137.9,139.9,136.0,136.0,137.82,"4,911,301","676,811,978",2.0,1.0,3.0,6.0,-1.0
2024-11-13,1.0,0.73%,136.7,138.1,136.1,137.8,137.28,"3,625,400","497,656,660",0.0,1.0,2.0,3.0,-1.0
2024-11-12,-1.5,-1.08%,138.6,138.9,135.9,136.8,136.84,"2,964,700","405,661,120",0.0,1.0,2.0,3.0,1.0
2024-11-11,2.5,1.84%,136.5,139.5,136.0,138.3,137.67,"5,292,000","728,542,920",1.0,1.0,0.0,2.0,-1.0
2024-11-08,0.7,0.52%,136.1,136.8,135.1,135.8,135.83,"2,106,300","286,090,860",1.0,0.0,0.0,1.0,1.0
2024-11-07,0.5,0.37%,135.3,137.6,134.2,135.1,135.81,"4,526,500","614,647,840",0.0,0.0,1.0,1.0,1.0
2024-11-06,2.0,1.51%,133.1,134.6,133.0,134.6,134.0,"1,801,500","241,407,800",0.0,0.0,1.0,1.0,1.0
2024-11-05,-0.2,-0.15%,133.0,134.0,132.3,132.6,132.78,"2,741,100","366,994,220",1.0,0.0,1.0,2.0,1.0
2024-11-04,-1.8,-1.34%,134.6,134.6,132.7,132.8,133.23,"3,757,900","501,176,670",1.0,1.0,0.0,2.0,-1.0
2024-11-01,-1.3,-0.96%,135.0,135.0,133.6,134.6,134.3,"2,667,500","358,246,220",1.0,1.0,1.0,3.0,-1.0
2024-10-31,0.0,0.00%,135.9,136.0,135.3,135.9,135.66,"1,341,700","182,016,090",0.0,0.0,1.0,1.0,-1.0
2024-10-30,0.5,0.37%,135.4,135.9,135.2,135.9,135.56,"2,059,800","279,238,750",0.0,2.0,0.0,2.0,0.0
2024-10-29,0.5,0.37%,135.4,135.5,134.8,135.4,135.02,"2,649,200","357,688,450",0.0,0.0,1.0,1.0,1.0
2024-10-28,0.9,0.67%,134.1,135.0,133.6,134.9,134.56,"1,506,001","202,644,265",0.0,3.0,0.0,3.0,1.0
2024-10-25,-0.3,-0.22%,134.3,134.6,133.6,134.0,133.92,"1,839,000","246,286,720",0.0,1.0,0.0,1.0,1.0
2024-10-24,0.1,0.07%,134.2,134.3,133.8,134.3,134.1,"2,277,201","305,373,005",0.0,2.0,1.0,3.0,-1.0
2024-10-23,1.1,0.83%,132.9,134.8,132.6,134.2,133.82,"3,015,101","403,480,694",0.0,2.0,2.0,4.0,1.0
2024-10-22,-2.4,-1.77%,135.7,135.7,133.0,133.1,134.2,"6,174,500","828,774,903",0.0,3.0,3.0,6.0,1.0
2024-10-21,-1.5,-1.09%,137.0,137.7,135.5,135.5,136.6,"2,861,300","390,792,600",0.0,1.0,2.0,3.0,-1.0
2024-10-18,0.0,0.00%,137.4,137.8,136.6,137.0,137.15,"2,169,401","297,523,788",1.0,0.0,3.0,4.0,-1.0
2024-10-17,0.7,0.51%,136.5,137.1,135.5,137.0,136.32,"3,769,200","518,205,580",0.0,1.0,1.0,2.0,0.0
2024-10-16,-0.7,-0.51%,136.4,137.1,136.0,136.3,136.48,"2,796,001","381,673,038",1.0,2.0,3.0,6.0,1.0
2024-10-15,-0.6,-0.44%,137.6,138.6,136.6,137.0,137.37,"2,910,800","400,187,880",0.0,2.0,2.0,4.0,-1.0
2024-10-14,-2.0,-1.43%,141.1,141.3,137.1,137.6,138.67,"5,635,300","781,315,740",0.0,2.0,4.0,6.0,-1.0
2024-10-11,-2.1,-1.48%,142.0,142.8,139.6,139.6,140.59,"3,863,600","543,220,540",0.0,2.0,1.0,3.0,-1.0
2024-10-10,6.3,4.65%,135.8,142.0,135.8,141.7,139.87,"10,102,200","1,412,918,200",0.0,1.0,3.0,4.0,-1.0
2024-10-09,1.6,1.20%,134.3,135.8,134.3,135.4,135.23,"2,819,900","381,343,240",0.0,2.0,0.0,2.0,1.0
2024-10-08,-0.3,-0.22%,134.1,135.1,133.6,133.8,134.13,"2,108,601","282,819,695",0.0,0.0,3.0,3.0,1.0
2024-10-07,0.0,0.00%,134.2,134.9,133.6,134.1,134.04,"1,330,500","178,342,890",0.0,1.0,1.0,2.0,-1.0
2024-10-04,0.1,0.07%,134.3,134.8,133.5,134.1,134.02,"1,468,400","196,794,570",1.0,0.0,2.0,3.0,0.0
2024-10-03,-1.4,-1.03%,135.4,136.1,134.0,134.0,135.2,"2,300,800","311,077,850",0.0,0.0,4.0,4.0,1.0
2024-10-02,-0.5,-0.37%,134.6,135.9,134.6,135.4,135.41,"1,719,800","232,879,530",0.0,0.0,1.0,1.0,-1.0
2024-10-01,1.4,1.04%,134.7,136.2,134.7,135.9,135.91,"6,887,000","936,206,291",1.0,0.0,3.0,4.0,-1.0
2024-09-30,0.3,0.22%,134.2,134.5,133.0,134.5,133.6,"3,278,500","438,011,070",0.0,1.0,1.0,2.0,1.0
2024-09-27,-0.1,-0.07%,134.3,134.4,133.5,134.2,133.87,"3,552,800","475,614,870",0.0,0.0,2.0,2.0,1.0
2024-09-26,-0.5,-0.37%,135.0,135.0,133.9,134.3,134.29,"3,080,600","413,685,750",0.0,0.0,0.0,0.0,-1.0
2024-09-25,0.3,0.22%,134.3,134.8,133.6,134.8,134.24,"4,679,900","628,229,610",1.0,0.0,3.0,4.0,-1.0
2024-09-24,0.5,0.37%,134.0,134.7,133.7,134.5,134.05,"2,755,516","367,916,925",0.0,0.0,1.0,1.0,1.0
2024-09-23,-1.3,-0.96%,135.9,135.9,133.4,134.0,134.31,"3,482,200","462,669,610",2.0,0.0,1.0,3.0,1.0
2024-09-20,0.1,0.07%,136.3,137.0,135.0,135.3,136.13,"3,719,700","506,352,410",0.0,1.0,0.0,1.0,-1.0
2024-09-19,0.6,0.45%,135.0,135.8,134.3,135.2,135.01,"5,154,300","695,884,410",1.0,1.0,0.0,2.0,1.0
2024-09-18,1.7,1.28%,133.4,135.2,132.9,134.6,134.35,"5,449,600","731,997,010",0.0,1.0,2.0,3.0,1.0
2024-09-17,1.8,1.37%,131.2,132.9,131.2,132.9,132.26,"3,621,400","482,742,610",0.0,3.0,3.0,6.0,1.0
2024-09-16,-1.9,-1.43%,131.8,133.0,131.1,131.1,131.62,"1,915,700","252,145,010",1.0,1.0,1.0,3.0,1.0
2024-09-13,0.7,0.53%,132.2,133.4,132.0,133.0,132.98,"3,935,700","523,101,442",1.0,0.0,1.0,2.0,-1.0
2024-09-12,1.7,1.30%,131.0,132.5,131.0,132.3,131.93,"4,368,000","576,317,440",1.0,1.0,3.0,5.0,1.0
2024-09-11,0.6,0.46%,130.0,131.3,129.8,130.6,130.44,"3,590,400","468,331,290",0.0,1.0,1.0,2.0,1.0
2024-09-10,-1.3,-0.99%,131.0,131.0,129.6,130.0,130.31,"4,195,101","546,653,392",1.0,1.0,2.0,4.0,1.0
2024-09-09,-0.8,-0.61%,130.8,131.9,130.1,131.3,130.7,"2,885,201","377,085,333",2.0,3.0,1.0,6.0,-1.0
2024-09-06,1.5,1.15%,130.5,132.9,130.3,132.1,131.82,"4,251,400","560,476,950",0.0,2.0,3.0,5.0,-1.0
2024-09-05,-2.4,-1.80%,133.0,133.0,129.7,130.6,130.49,"8,014,000","1,045,783,600",0.0,2.0,1.0,3.0,1.0
2024-09-04,-1.8,-1.34%,133.0,133.0,131.5,133.0,132.35,"4,935,200","653,155,090",0.0,2.0,1.0,3.0,-1.0
2024-08-30,1.1,0.82%,133.5,134.9,133.0,134.8,134.55,"3,379,800","454,881,040",0.0,2.0,2.0,4.0,-1.0
2024-08-29,0.4,0.30%,132.8,133.8,132.2,133.7,133.17,"2,637,701","351,244,674",1.0,0.0,2.0,3.0,1.0
2024-08-28,0.8,0.60%,133.0,134.5,132.9,133.3,133.63,"2,909,701","388,745,951",0.0,1.0,2.0,3.0,1.0
2024-08-27,1.0,0.76%,131.5,132.6,130.4,132.5,131.78,"2,989,900","393,505,940",0.0,1.0,2.0,3.0,1.0
2024-08-26,-1.6,-1.20%,133.3,133.5,131.5,131.5,132.11,"2,758,200","364,395,159",0.0,1.0,2.0,3.0,1.0
2024-08-23,-0.7,-0.52%,133.7,133.7,132.4,133.1,132.98,"3,325,001","442,159,895",0.0,1.0,2.0,3.0,-1.0
2024-08-22,0.3,0.22%,134.0,134.5,133.5,133.8,133.98,"3,560,500","477,023,850",0.0,2.0,1.0,3.0,-1.0
2024-08-21,2.0,1.52%,130.6,133.8,130.6,133.5,132.16,"6,471,900","855,021,010",0.0,1.0,4.0,5.0,1.0
2024-08-20,1.0,0.77%,130.7,132.5,130.7,131.5,131.53,"3,984,400","523,952,590",0.0,1.0,4.0,5.0,1.0
2024-08-19,-0.1,-0.08%,131.1,131.4,130.0,130.5,130.5,"2,554,862","333,417,131",0.0,0.0,1.0,1.0,1.0
2024-08-16,1.9,1.48%,129.1,131.0,129.1,130.6,130.28,"5,486,600","714,680,980",0.0,1.0,1.0,2.0,-1.0
2024-08-15,-0.8,-0.62%,129.1,129.5,128.2,128.7,128.73,"2,305,600","296,851,780",0.0,1.0,3.0,4.0,1.0
2024-08-14,-0.2,-0.15%,130.7,131.5,129.5,129.5,130.06,"3,822,200","489,612,460",0.0,1.0,1.0,2.0,-1.0
2024-08-13,-0.3,-0.23%,129.7,130.2,128.0,129.7,129.2,"4,362,901","563,715,421",1.0,1.0,1.0,3.0,-1.0
2024-08-12,3.1,2.44%,126.9,130.2,126.2,130.0,128.97,"6,775,001","872,913,058",0.0,2.0,3.0,5.0,-1.0
2024-08-09,5.5,4.53%,122.4,126.9,122.0,126.9,124.58,"6,011,400","748,943,370",0.0,1.0,1.0,2.0,1.0
2024-08-08,-0.6,-0.49%,121.6,122.4,120.9,121.4,121.66,"3,231,431","393,129,177",0.0,1.0,1.0,2.0,1.0
2024-08-07,1.2,0.99%,121.0,122.0,120.2,122.0,120.91,"2,822,800","341,315,400",1.0,0.0,0.0,1.0,-1.0
2024-08-06,2.2,1.85%,120.0,121.9,119.8,120.8,120.7,"7,021,850","847,027,634",0.0,2.0,2.0,4.0,1.0
2024-08-05,-4.6,-3.73%,121.1,122.9,117.4,118.6,120.41,"10,415,200","1,254,100,800",4.0,1.0,0.0,5.0,1.0
2024-08-02,-1.6,-1.28%,122.1,124.8,121.0,123.2,122.8,"10,157,200","1,246,526,370",0.0,1.0,0.0,1.0,-1.0
2024-08-01,-3.8,-2.95%,129.6,129.7,124.1,124.8,126.18,"6,870,301","866,879,460",3.0,0.0,2.0,5.0,-1.0
2024-07-31,0.6,0.47%,127.3,128.6,126.6,128.6,127.78,"3,094,200","395,468,400",1.0,1.0,1.0,3.0,-1.0
2024-07-30,-1.0,-0.78%,129.0,129.5,127.0,128.0,128.0,"2,423,800","309,900,500",0.0,2.0,1.0,3.0,1.0
2024-07-29,1.0,0.78%,130.0,130.6,129.0,129.0,129.86,"5,009,800","651,610,150",1.0,3.0,0.0,4.0,-1.0
2024-07-26,3.0,2.40%,125.9,128.0,124.4,128.0,125.83,"6,683,700","826,249,818",1.0,1.0,1.0,3.0,1.0
2024-07-25,-1.0,-0.79%,124.2,125.5,124.1,125.0,124.76,"3,248,401","405,880,427",1.0,1.0,1.0,3.0,1.0
2024-07-24,0.5,0.40%,125.5,126.6,124.0,126.0,125.46,"4,171,700","523,540,520",0.0,4.0,1.0,5.0,-1.0
2024-07-23,1.4,1.13%,124.9,127.5,124.8,125.5,126.65,"5,411,600","684,282,450",0.0,1.0,2.0,3.0,1.0
2024-07-22,-1.9,-1.51%,126.0,126.0,123.2,124.1,124.22,"6,216,900","772,289,980",0.0,0.0,5.0,5.0,1.0
2024-07-19,-1.9,-1.49%,128.6,129.3,126.0,126.0,127.09,"6,576,700","836,050,330",1.0,0.0,4.0,5.0,-1.0
2024-07-18,-4.0,-3.03%,131.4,131.4,127.8,127.9,128.88,"10,825,201","1,395,242,973",1.0,2.0,2.0,5.0,-1.0
2024-07-17,-2.1,-1.57%,134.0,134.1,129.9,131.9,132.25,"6,970,100","921,795,080",1.0,0.0,2.0,3.0,-1.0
2024-07-16,1.3,0.98%,133.6,134.5,132.3,134.0,133.31,"4,352,200","580,153,307",0.0,3.0,0.0,3.0,-1.0
2024-07-15,-1.1,-0.82%,133.5,134.8,132.3,132.7,133.27,"3,067,200","408,778,400",1.0,1.0,2.0,4.0,1.0
2024-07-12,0.8,0.60%,132.2,136.0,132.2,133.8,133.97,"3,590,000","480,953,482",0.0,2.0,0.0,2.0,-1.0
2024-07-11,-1.0,-0.75%,134.1,135.4,132.5,133.0,133.55,"6,882,100","919,164,610",0.0,2.0,1.0,3.0,1.0
2024-07-10,-3.5,-2.55%,136.0,137.0,134.0,134.0,135.54,"6,337,700","859,025,250",1.0,2.0,1.0,4.0,-1.0
2024-07-09,-2.1,-1.50%,139.1,139.3,136.0,137.5,137.14,"9,696,100","1,329,763,980",0.0,1.0,1.0,2.0,-1.0
2024-07-08,0.9,0.65%,138.5,139.6,137.5,139.6,138.9,"6,105,700","848,068,400",2.0,2.0,2.0,6.0,-1.0
2024-07-05,2.9,2.14%,136.1,139.7,136.1,138.7,138.4,"7,809,400","1,080,849,250",0.0,1.0,3.0,4.0,1.0
2024-07-04,4.8,3.66%,132.1,135.8,132.1,135.8,134.08,"8,117,900","1,088,488,040",0.0,2.0,1.0,3.0,1.0
2024-07-03,3.0,2.34%,130.5,132.8,130.1,131.0,131.66,"7,884,101","1,038,018,929",0.0,0.0,2.0,2.0,1.0
2024-07-02,-0.6,-0.47%,128.6,132.1,127.5,128.0,130.0,"7,560,001","983,351,056",0.0,3.0,0.0,3.0,1.0
2024-07-01,-1.9,-1.46%,130.4,130.4,128.5,128.6,129.02,"6,454,000","833,530,280",2.0,0.0,0.0,2.0,-1.0
2024-06-28,-2.3,-1.73%,132.8,132.8,130.4,130.5,131.7,"6,633,000","873,567,560",2.0,2.0,0.0,4.0,-1.0
2024-06-27,1.0,0.76%,131.3,134.1,130.8,132.8,132.39,"6,527,700","863,130,300",2.0,1.0,1.0,4.0,-1.0
2024-06-26,1.8,1.38%,131.0,131.8,129.4,131.8,130.41,"7,221,400","941,975,440",1.0,2.0,1.0,4.0,1.0
2024-06-25,-2.1,-1.59%,131.0,131.1,128.6,130.0,129.63,"14,050,143","1,821,409,180",0.0,5.0,3.0,8.0,1.0
2024-06-24,-4.0,-2.94%,135.0,135.5,132.0,132.1,133.62,"14,390,900","1,936,123,760",3.0,0.0,2.0,5.0,-1.0
2024-06-21,2.8,2.10%,133.9,136.1,133.3,136.1,135.2,"7,653,300","1,034,712,270",3.0,2.0,2.0,7.0,-1.0
2024-06-20,1.8,1.37%,133.0,135.7,131.8,133.3,134.21,"11,060,700","1,477,679,470",1.0,1.0,1.0,3.0,1.0
2024-06-19,3.5,2.73%,128.0,132.8,126.6,131.5,129.25,"10,269,200","1,321,426,030",0.0,2.0,2.0,4.0,1.0
2024-06-18,-0.8,-0.62%,128.8,129.7,128.0,128.0,128.83,"6,936,800","893,871,724",0.0,2.0,4.0,6.0,1.0
2024-06-17,-2.2,-1.68%,131.0,131.4,128.5,128.8,129.68,"4,867,600","631,221,490",0.0,3.0,0.0,3.0,-1.0
2024-06-14,1.0,0.77%,130.1,132.6,129.0,131.0,130.32,"6,607,200","861,029,120",0.0,2.0,0.0,2.0,-1.0
2024-06-13,-2.0,-1.52%,133.7,133.8,130.0,130.0,131.12,"8,676,200","1,137,718,620",1.0,3.0,2.0,6.0,1.0
2024-06-12,5.5,4.35%,127.9,132.7,127.8,132.0,130.54,"11,215,500","1,464,082,570",0.0,2.0,5.0,7.0,-1.0
2024-06-11,2.5,1.74%,144.3,146.5,143.1,146.5,144.65,"8,418,500","1,236,118,850",1.0,1.0,1.0,3.0,-1.0
2024-06-10,2.0,1.41%,143.5,145.0,143.0,144.0,143.67,"3,775,400","542,408,270",0.0,0.0,1.0,1.0,1.0
2024-06-07,2.4,1.72%,141.0,142.0,140.5,142.0,141.23,"3,976,600","561,621,179",1.0,1.0,3.0,5.0,1.0
2024-06-06,-0.5,-0.36%,140.3,141.7,138.8,139.6,140.42,"5,231,800","734,435,140",0.0,2.0,3.0,5.0,1.0
2024-06-05,1.0,0.72%,140.0,144.9,139.7,140.1,141.65,"6,341,801","898,304,839",0.0,1.0,2.0,3.0,-1.0
2024-06-04,2.2,1.61%,139.0,139.3,137.8,139.1,138.93,"7,049,800","979,413,700",0.0,4.0,2.0,6.0,1.0
2024-06-03,2.3,1.71%,135.0,137.6,134.7,136.9,136.65,"7,773,600","1,062,261,680",3.0,1.0,3.0,7.0,1.0
2024-05-31,-0.4,-0.30%,135.0,136.8,133.8,134.6,134.61,"2,696,600","362,972,420",0.0,1.0,1.0,2.0,1.0
2024-05-30,-0.7,-0.52%,133.8,135.0,131.9,135.0,132.93,"7,301,300","970,579,730",0.0,1.0,1.0,2.0,-1.0
2024-05-29,-1.3,-0.95%,137.1,138.2,134.8,135.7,135.94,"6,107,600","830,817,830",0.0,2.0,2.0,4.0,-1.0
2024-05-28,4.2,3.16%,134.0,137.0,133.1,137.0,134.87,"5,419,500","728,079,970",0.0,2.0,2.0,4.0,-1.0
2024-05-27,0.9,0.68%,133.0,133.5,130.6,132.8,132.28,"6,121,100","808,830,440",0.0,1.0,0.0,1.0,1.0
2024-05-24,-5.6,-4.07%,138.0,138.0,130.6,131.9,133.28,"14,134,601","1,885,240,378",1.0,1.0,4.0,6.0,1.0
2024-05-23,-0.5,-0.36%,137.5,137.8,135.0,137.5,136.33,"3,769,000","514,269,580",0.0,0.0,4.0,4.0,-1.0
2024-05-22,2.0,1.47%,137.9,139.7,136.1,138.0,137.8,"7,132,400","970,471,990",1.0,1.0,0.0,2.0,-1.0
2024-05-21,3.0,2.26%,134.0,136.0,133.5,136.0,134.53,"4,206,300","566,507,774",0.0,2.0,2.0,4.0,1.0
2024-05-20,-1.5,-1.12%,135.2,136.1,133.0,133.0,134.34,"3,143,500","423,354,630",0.0,2.0,1.0,3.0,1.0
2024-05-17,-0.9,-0.66%,135.4,136.0,133.7,134.5,134.53,"3,049,001","410,104,686",1.0,3.0,0.0,4.0,-1.0
2024-05-16,1.3,0.97%,135.6,137.3,134.2,135.4,135.87,"4,043,900","543,764,540",0.0,0.0,0.0,0.0,-1.0
2024-05-15,3.6,2.76%,131.5,134.5,131.3,134.1,132.78,"4,717,700","627,532,112",0.0,0.0,1.0,1.0,1.0
2024-05-14,0.8,0.62%,130.0,131.7,129.6,130.5,130.59,"3,151,900","414,149,627",0.0,0.0,0.0,0.0,1.0
2024-05-13,-1.3,-0.99%,131.3,131.5,128.8,129.7,129.93,"4,360,200","577,286,500",0.0,0.0,0.0,0.0,1.0
2024-05-10,0.7,0.54%,131.3,132.2,129.2,131.0,130.4,"4,168,700","543,191,260",0.0,0.0,0.0,0.0,-1.0
2024-05-09,-0.7,-0.53%,130.6,132.8,130.0,130.3,130.85,"3,041,600","399,652,302",0.0,0.0,0.0,0.0,1.0
2024-05-08,-0.3,-0.23%,130.1,131.0,129.3,131.0,130.1,"3,824,500","503,976,445",0.0,0.0,0.0,0.0,-1.0
2024-05-07,3.7,2.90%,128.0,131.6,127.2,131.3,130.07,"3,874,168","508,754,132",0.0,0.0,0.0,0.0,-1.0
2024-05-06,1.7,1.35%,126.5,127.6,124.5,127.6,126.26,"2,744,600","346,861,530",0.0,0.0,0.0,0.0,1.0
2024-05-03,-1.4,-1.10%,128.1,128.4,125.6,125.9,126.32,"4,665,500","601,728,300",0.0,0.0,0.0,0.0,1.0
2024-05-02,4.1,3.33%,123.8,129.0,123.5,127.3,126.79,"6,888,000","890,470,380",0.0,0.0,0.0,0.0,-1.0
2024-04-26,0.0,0.00%,123.0,125.4,122.2,123.2,123.55,"6,053,000","769,750,600",0.0,0.0,0.0,0.0,1.0
2024-04-25,3.1,2.58%,122.5,128.0,121.9,123.2,124.07,"9,215,500","1,158,687,060",0.0,0.0,0.0,0.0,0.0
2024-04-24,7.8,6.95%,113.6,120.1,113.2,120.1,118.59,"10,945,700","1,299,238,710",0.0,0.0,0.0,0.0,1.0
2024-04-23,2.0,1.81%,110.9,113.3,109.9,112.3,111.72,"4,233,700","472,702,040",0.0,0.0,0.0,0.0,1.0
2024-04-22,1.3,1.19%,110.0,111.4,108.9,110.3,110.17,"2,505,218","276,687,289",0.0,0.0,0.0,0.0,1.0
2024-04-19,-2.8,-2.50%,110.5,111.2,109.0,109.0,109.94,"7,851,100","887,183,490",0.0,0.0,0.0,0.0,1.0
2024-04-17,-1.2,-1.06%,113.1,113.1,111.6,111.8,112.2,"2,998,100","344,269,810",0.0,0.0,0.0,0.0,-1.0
2024-04-16,1.4,1.25%,112.0,113.2,111.5,113.0,112.22,"4,523,200","513,917,960",0.0,0.0,0.0,0.0,-1.0
2024-04-15,-3.9,-3.38%,115.5,115.6,111.5,111.6,113.12,"4,289,300","491,287,660",0.0,0.0,0.0,0.0,1.0
2024-04-12,0.6,0.52%,115.9,115.9,114.3,115.5,115.07,"1,862,520","216,515,618",0.0,0.0,0.0,0.0,-1.0
2024-04-11,1.1,0.97%,113.5,115.4,113.3,114.9,114.68,"1,623,300","186,676,860",0.0,0.0,0.0,0.0,1.0
2024-04-10,0.8,0.71%,113.5,115.6,113.3,113.8,114.25,"1,982,020","227,720,078",0.0,0.0,0.0,0.0,1.0
2024-04-09,0.4,0.36%,112.6,113.2,112.5,113.0,112.91,"1,432,500","161,738,950",0.0,0.0,0.0,0.0,1.0
2024-04-08,-1.1,-0.97%,113.7,113.7,112.6,112.6,112.96,"1,952,000","220,502,720",0.0,0.0,0.0,0.0,1.0
2024-04-05,-0.3,-0.26%,113.1,114.7,112.6,113.7,113.4,"2,840,844","322,836,614",0.0,0.0,0.0,0.0,-1.0
2024-04-04,-1.1,-0.96%,115.0,115.8,114.0,114.0,114.74,"2,930,000","340,949,060",0.0,0.0,0.0,0.0,-1.0
2024-04-03,-1.9,-1.62%,116.1,117.0,115.1,115.1,115.93,"2,875,000","336,275,980",0.0,0.0,0.0,0.0,-1.0
2024-04-02,0.2,0.17%,115.4,117.0,115.4,117.0,116.1,"2,745,500","322,787,120",0.0,0.0,0.0,0.0,-1.0
2024-04-01,0.3,0.26%,116.0,117.6,115.2,116.8,116.19,"3,243,600","387,066,360",0.0,0.0,0.0,0.0,1.0
2024-03-29,-0.6,-0.51%,116.4,117.2,116.0,116.5,116.52,"2,594,300","310,421,720",0.0,0.0,0.0,0.0,1.0
2024-03-28,1.9,1.65%,115.9,117.4,115.3,117.1,116.8,"2,854,400","333,719,600",0.0,0.0,0.0,0.0,-1.0
2024-03-27,0.2,0.17%,114.7,115.3,114.1,115.2,114.66,"1,465,900","168,691,990",0.0,0.0,0.0,0.0,1.0
2024-03-26,1.0,0.88%,114.0,115.5,113.6,115.0,114.18,"3,110,290","365,684,681",0.0,0.0,0.0,0.0,1.0
2024-03-25,-0.9,-0.78%,114.1,115.1,113.8,114.0,114.24,"3,002,201","342,742,317",0.0,0.0,0.0,0.0,1.0
2024-03-22,-1.3,-1.12%,116.3,116.3,114.5,114.9,115.28,"2,852,977","332,748,745",0.0,0.0,0.0,0.0,-1.0
2024-03-21,1.7,1.48%,115.2,116.2,114.6,116.2,115.51,"4,238,500","491,582,880",0.0,0.0,0.0,0.0,-1.0
2024-03-20,2.5,2.23%,112.3,115.0,111.1,114.5,112.86,"3,864,600","437,702,380",0.0,0.0,0.0,0.0,1.0
2024-03-19,-1.0,-0.88%,113.0,113.0,111.1,112.0,111.87,"4,064,200","460,661,010",0.0,0.0,0.0,0.0,1.0
2024-03-18,-3.0,-2.59%,115.8,115.8,111.1,113.0,113.03,"7,896,500","914,794,710",0.0,0.0,0.0,0.0,-1.0
2024-03-15,-1.0,-0.85%,116.8,116.8,114.5,116.0,115.64,"4,690,100","550,420,940",0.0,0.0,0.0,0.0,-1.0
2024-03-14,0.0,0.00%,118.5,118.5,115.7,117.0,117.15,"6,215,401","750,007,559",0.0,0.0,0.0,0.0,-1.0
2024-03-13,5.1,4.56%,112.8,117.0,112.0,117.0,115.0,"6,331,100","729,914,750",0.0,0.0,0.0,0.0,0.0
2024-03-12,1.9,1.73%,110.0,113.5,110.0,111.9,111.92,"3,127,800","351,349,230",0.0,0.0,0.0,0.0,1.0
2024-03-11,0.0,0.00%,110.0,113.5,110.0,110.0,111.23,"4,083,250","458,711,275",0.0,0.0,0.0,0.0,1.0
2024-03-08,-1.3,-1.17%,111.3,112.6,109.5,110.0,110.45,"3,380,400","375,316,020",0.0,0.0,0.0,0.0,0.0
2024-03-07,2.2,2.02%,109.1,113.9,108.2,111.3,110.39,"5,249,750","582,824,620",0.0,0.0,0.0,0.0,-1.0
2024-03-06,-1.6,-1.45%,110.0,110.4,108.4,109.1,109.39,"4,108,901","452,477,001",0.0,0.0,0.0,0.0,1.0
2024-03-05,-0.7,-0.63%,111.4,111.4,109.9,110.7,110.48,"4,761,118","536,781,554",0.0,0.0,0.0,0.0,-1.0
2024-03-04,0.6,0.54%,111.0,111.8,110.8,111.4,111.21,"3,161,600","352,151,820",0.0,0.0,0.0,0.0,-1.0
2024-03-01,1.8,1.65%,109.2,111.4,109.1,110.8,110.74,"4,961,400","551,196,250",0.0,0.0,0.0,0.0,1.0
2024-02-29,0.5,0.46%,108.2,109.4,107.7,109.0,108.37,"2,974,101","323,435,161",0.0,0.0,0.0,0.0,1.0
2024-02-28,0.6,0.56%,108.0,108.5,106.3,108.5,107.08,"5,053,900","547,603,760",0.0,0.0,0.0,0.0,1.0
2024-02-27,-0.1,-0.09%,108.5,109.5,107.4,107.9,108.49,"4,497,200","499,791,100",0.0,0.0,0.0,0.0,1.0
2024-02-26,4.1,3.95%,103.9,108.0,103.5,108.0,106.11,"4,973,700","526,387,390",0.0,0.0,0.0,0.0,-1.0
2024-02-23,-0.7,-0.67%,105.5,106.7,103.3,103.9,105.06,"5,158,040","549,113,736",0.0,0.0,0.0,0.0,1.0
2024-02-22,-1.3,-1.23%,105.9,106.0,104.6,104.6,104.9,"2,268,064","241,970,100",0.0,0.0,0.0,0.0,-1.0
2024-02-21,1.6,1.53%,104.0,106.9,103.5,105.9,104.56,"3,905,800","413,310,130",0.0,0.0,0.0,0.0,-1.0
2024-02-20,-0.7,-0.67%,105.2,105.2,104.0,104.3,104.47,"3,884,300","421,773,840",0.0,0.0,0.0,0.0,1.0
2024-02-19,-0.1,-0.10%,105.5,107.0,105.0,105.0,105.86,"2,968,100","316,540,540",0.0,0.0,0.0,0.0,-1.0
2024-02-16,1.1,1.06%,104.0,105.1,103.8,105.1,104.28,"2,358,100","247,764,650",0.0,0.0,0.0,0.0,-1.0
2024-02-15,-0.9,-0.86%,105.2,105.5,103.8,104.0,104.38,"3,495,620","374,637,194",0.0,0.0,0.0,0.0,1.0
2024-02-07,0.8,0.77%,104.7,105.0,103.9,104.9,104.55,"2,425,900","255,664,370",0.0,0.0,0.0,0.0,-1.0
2024-02-06,0.6,0.58%,103.6,105.0,102.9,104.1,103.8,"3,613,900","383,717,640",0.0,0.0,0.0,0.0,1.0
2024-02-05,1.5,1.47%,102.0,104.1,101.9,103.5,103.21,"3,219,900","335,222,400",0.0,0.0,0.0,0.0,1.0
2024-02-02,2.1,2.10%,100.2,102.2,100.1,102.0,101.47,"3,848,500","395,679,680",0.0,0.0,0.0,0.0,1.0
2024-02-01,4.2,4.39%,95.9,99.9,95.7,99.9,98.7,"8,223,100","812,848,620",0.0,0.0,0.0,0.0,1.0
2024-01-31,0.1,0.10%,95.6,96.0,95.5,95.7,95.7,"2,334,396","226,941,301",0.0,0.0,0.0,0.0,1.0
2024-01-30,-0.3,-0.31%,95.9,95.9,95.4,95.6,95.59,"1,276,438","124,314,729",0.0,0.0,0.0,0.0,1.0
2024-01-29,0.0,0.00%,95.9,96.1,95.3,95.9,95.65,"2,876,500","287,015,420",0.0,0.0,0.0,0.0,-1.0
2024-01-26,0.8,0.84%,95.5,96.2,95.3,95.9,95.74,"1,470,430","143,844,371",0.0,0.0,0.0,0.0,0.0
2024-01-25,0.1,0.11%,95.1,95.7,94.8,95.1,95.1,"1,502,000","144,622,910",0.0,0.0,0.0,0.0,1.0
2024-01-24,-0.6,-0.63%,95.8,95.8,94.9,95.0,95.23,"2,664,800","260,345,710",0.0,0.0,0.0,0.0,1.0
2024-01-23,-0.8,-0.83%,96.1,96.4,95.4,95.6,95.73,"4,161,710","418,162,851",0.0,0.0,0.0,0.0,-1.0
2024-01-22,0.1,0.10%,96.8,96.8,95.8,96.4,96.22,"1,221,800","118,337,970",0.0,0.0,0.0,0.0,-1.0
2024-01-19,0.7,0.73%,96.0,96.9,95.7,96.3,96.21,"2,139,400","207,402,820",0.0,0.0,0.0,0.0,1.0
2024-01-18,-0.1,-0.10%,95.7,96.0,95.2,95.6,95.67,"1,628,300","159,033,640",0.0,0.0,0.0,0.0,1.0
2024-01-17,0.0,0.00%,95.6,96.0,95.0,95.7,95.49,"2,068,500","201,980,830",0.0,0.0,0.0,0.0,-1.0
2024-01-16,0.3,0.31%,94.7,95.7,94.7,95.7,95.14,"1,191,900","116,018,740",0.0,0.0,0.0,0.0,0.0
2024-01-15,0.7,0.74%,95.0,95.9,94.9,95.4,95.39,"2,107,979","202,769,520",0.0,0.0,0.0,0.0,1.0
2024-01-12,-0.3,-0.32%,94.8,95.6,94.1,94.7,94.48,"2,737,500","258,876,900",0.0,0.0,0.0,0.0,1.0
2024-01-11,0.3,0.32%,94.7,95.4,94.7,95.0,94.99,"1,572,400","150,630,280",0.0,0.0,0.0,0.0,-1.0
2024-01-10,-1.9,-1.97%,96.7,96.9,94.5,94.7,95.47,"3,810,000","367,723,830",0.0,0.0,0.0,0.0,1.0
2024-01-09,-0.7,-0.72%,97.3,97.3,96.6,96.6,96.82,"1,815,000","180,126,170",0.0,0.0,0.0,0.0,-1.0
2024-01-08,-0.1,-0.10%,97.4,98.3,97.1,97.3,97.64,"1,553,400","152,402,990",0.0,0.0,0.0,0.0,-1.0
2024-01-05,0.2,0.21%,97.3,97.5,96.5,97.4,97.02,"1,501,300","147,075,900",0.0,0.0,0.0,0.0,-1.0
2024-01-04,0.9,0.93%,96.3,98.4,96.2,97.2,97.4,"3,000,600","292,228,320",0.0,0.0,0.0,0.0,1.0
2024-01-03,0.4,0.42%,95.6,96.5,95.4,96.3,95.81,"1,558,900","149,364,460",0.0,0.0,0.0,0.0,1.0
2024-01-02,-0.2,-0.21%,96.9,96.9,95.7,95.9,96.15,"2,217,777","216,583,232",0.0,0.0,0.0,0.0,1.0
2023-12-29,-0.5,-0.52%,96.6,97.0,96.1,96.1,96.48,"2,439,525","239,263,633",0.0,0.0,0.0,0.0,-1.0
2023-12-28,-0.3,-0.31%,97.0,97.0,96.3,96.6,96.57,"1,591,200","154,940,560",0.0,0.0,0.0,0.0,-1.0
2023-12-27,-0.3,-0.31%,97.4,97.8,96.9,96.9,97.26,"2,291,700","229,193,770",0.0,0.0,0.0,0.0,-1.0
2023-12-26,1.2,1.25%,96.5,98.6,96.4,97.2,97.58,"4,289,901","413,574,129",0.0,0.0,0.0,0.0,-1.0
2023-12-25,1.4,1.48%,94.9,96.2,94.8,96.0,95.69,"2,739,800","259,221,560",0.0,0.0,0.0,0.0,1.0
2023-12-22,-0.5,-0.53%,95.0,95.1,94.4,94.6,94.69,"1,721,300","166,113,700",0.0,0.0,0.0,0.0,1.0
2023-12-21,0.4,0.42%,94.6,95.1,94.0,95.1,94.42,"1,982,242","188,718,785",0.0,0.0,0.0,0.0,-1.0
2023-12-20,0.1,0.11%,94.3,95.0,94.1,94.7,94.47,"5,016,500","481,304,650",0.0,0.0,0.0,0.0,1.0
2023-12-19,0.6,0.64%,93.9,94.6,93.6,94.6,93.99,"2,161,323","208,307,712",0.0,0.0,0.0,0.0,1.0
2023-12-18,-2.2,-2.29%,95.9,96.2,93.7,94.0,94.59,"6,559,900","632,927,560",0.0,0.0,0.0,0.0,1.0
2023-12-15,0.0,0.00%,96.2,96.3,95.0,96.2,95.81,"2,389,401","235,414,170",0.0,0.0,0.0,0.0,-1.0
2023-12-14,1.0,1.05%,95.8,96.4,95.2,96.2,95.76,"6,126,836","610,850,275",0.0,0.0,0.0,0.0,0.0
2023-12-13,-1.6,-1.65%,97.4,97.4,95.2,95.2,96.11,"4,693,469","469,905,792",0.0,0.0,0.0,0.0,1.0
2023-12-12,1.8,1.89%,95.4,96.8,95.3,96.8,96.31,"5,303,088","516,625,411",0.0,0.0,0.0,0.0,-1.0
2023-12-11,0.8,0.85%,95.5,95.7,94.6,95.0,95.15,"1,821,800","174,766,180",0.0,0.0,0.0,0.0,1.0
2023-12-08,-0.1,-0.11%,94.3,95.1,93.5,94.2,94.29,"1,964,170","186,501,883",0.0,0.0,0.0,0.0,1.0
2023-12-07,-0.7,-0.74%,95.1,95.3,92.8,94.3,93.61,"5,040,930","481,934,978",0.0,0.0,0.0,0.0,-1.0
2023-12-06,0.2,0.21%,95.0,95.4,94.1,95.0,94.71,"2,106,100","205,225,860",0.0,0.0,0.0,0.0,-1.0
2023-12-05,1.2,1.28%,93.8,95.8,93.7,94.8,94.91,"3,671,700","348,464,760",0.0,0.0,0.0,0.0,1.0
2023-12-04,1.2,1.30%,92.6,94.0,92.6,93.6,93.33,"3,676,403","342,885,012",0.0,0.0,0.0,0.0,1.0
2023-12-01,0.5,0.54%,92.2,92.9,91.3,92.4,92.05,"1,875,317","176,895,621",0.0,0.0,0.0,0.0,1.0
2023-11-30,0.2,0.22%,91.4,93.7,91.3,91.9,92.38,"2,850,100","268,091,910",0.0,0.0,0.0,0.0,1.0
2023-11-29,0.6,0.66%,91.6,92.0,91.1,91.7,91.44,"934,800","86,270,920",0.0,0.0,0.0,0.0,1.0
2023-11-28,0.4,0.44%,90.8,91.9,89.9,91.1,90.46,"3,038,800","279,244,585",0.0,0.0,0.0,0.0,1.0
2023-11-27,-0.5,-0.55%,91.4,91.4,90.1,90.7,90.64,"2,181,800","201,012,650",0.0,0.0,0.0,0.0,1.0
2023-11-24,0.4,0.44%,90.8,92.0,90.2,91.2,91.13,"2,500,900","228,694,160",0.0,0.0,0.0,0.0,-1.0
2023-11-23,-2.2,-2.37%,93.3,93.7,90.8,90.8,92.49,"2,631,500","246,254,380",0.0,0.0,0.0,0.0,1.0
2023-11-22,1.1,1.20%,91.9,93.1,91.9,93.0,92.67,"3,394,300","315,044,365",0.0,0.0,0.0,0.0,-1.0
2023-11-21,1.2,1.32%,92.0,92.0,90.7,91.9,91.23,"1,653,400","151,955,760",0.0,0.0,0.0,0.0,1.0
2023-11-20,-0.3,-0.33%,90.1,92.6,89.1,90.7,90.99,"2,214,600","203,604,830",0.0,0.0,0.0,0.0,1.0
2023-11-17,-2.0,-2.15%,93.4,93.5,90.6,91.0,91.6,"3,851,300","354,782,280",0.0,0.0,0.0,0.0,-1.0
2023-11-16,0.6,0.65%,92.2,93.0,91.6,93.0,92.4,"2,456,401","229,933,806",0.0,0.0,0.0,0.0,-1.0
2023-11-15,-0.2,-0.22%,93.7,93.8,92.0,92.4,93.08,"2,949,301","276,710,336",0.0,0.0,0.0,0.0,1.0
2023-11-14,1.2,1.31%,92.0,93.4,91.3,92.6,92.16,"2,228,300","206,197,395",0.0,0.0,0.0,0.0,-1.0
2023-11-13,-0.1,-0.11%,91.6,92.0,90.5,91.4,91.21,"2,009,500","185,554,270",0.0,0.0,0.0,0.0,1.0
2023-11-10,-1.0,-1.08%,91.5,92.7,91.3,91.5,91.76,"2,952,801","273,861,852",0.0,0.0,0.0,0.0,-1.0
2023-11-09,-0.1,-0.11%,92.0,93.3,91.8,92.5,92.58,"3,010,800","284,522,340",0.0,0.0,0.0,0.0,-1.0
2023-11-08,4.3,4.87%,88.2,92.6,88.0,92.6,90.4,"4,161,100","380,685,120",0.0,0.0,0.0,0.0,-1.0
2023-11-07,-0.2,-0.23%,88.5,88.8,87.9,88.3,88.26,"1,340,200","118,289,710",0.0,0.0,0.0,0.0,1.0
2023-11-06,1.5,1.72%,88.2,88.9,87.8,88.5,88.38,"1,996,075","180,047,955",0.0,0.0,0.0,0.0,-1.0
2023-11-03,-2.0,-2.25%,89.0,89.2,87.0,87.0,87.37,"5,449,105","480,425,122",0.0,0.0,0.0,0.0,1.0
2023-11-02,3.6,4.22%,86.4,89.0,85.9,89.0,87.37,"3,739,300","315,045,520",0.0,0.0,0.0,0.0,-1.0
2023-11-01,2.4,2.89%,84.3,85.4,82.6,85.4,83.83,"5,052,501","420,455,777",0.0,0.0,0.0,0.0,1.0
2023-10-31,-2.0,-2.35%,85.1,85.3,83.0,83.0,84.03,"3,087,200","259,427,730",0.0,0.0,0.0,0.0,1.0
2023-10-30,-2.0,-2.30%,87.0,87.1,85.0,85.0,86.06,"1,987,300","171,428,570",0.0,0.0,0.0,0.0,-1.0
2023-10-27,0.2,0.23%,87.5,88.0,86.3,87.0,87.02,"2,474,800","215,680,200",0.0,0.0,0.0,0.0,-1.0
2023-10-26,-4.1,-4.51%,88.3,89.9,86.0,86.8,87.37,"6,098,925","533,631,302",0.0,0.0,0.0,0.0,1.0
2023-10-25,-1.1,-1.20%,91.8,92.7,90.9,90.9,91.85,"2,570,700","236,999,992",0.0,0.0,0.0,0.0,-1.0
2023-10-24,1.0,1.10%,92.4,92.4,90.8,92.0,91.72,"2,700,704","248,221,060",0.0,0.0,0.0,0.0,-1.0
2023-10-23,-1.9,-2.05%,93.8,93.8,90.8,91.0,92.04,"3,049,502","282,203,973",0.0,0.0,0.0,0.0,1.0
2023-10-20,0.9,0.98%,92.5,93.0,90.1,92.9,91.49,"3,868,475","355,648,950",0.0,0.0,0.0,0.0,-1.0
2023-10-19,-1.0,-1.08%,94.0,94.3,92.0,92.0,93.39,"6,001,577","562,314,443",0.0,0.0,0.0,0.0,1.0
2023-10-18,-0.1,-0.11%,94.9,94.9,91.0,93.0,92.97,"7,902,700","736,026,486",0.0,0.0,0.0,0.0,-1.0
2023-10-17,-3.7,-3.82%,97.8,97.8,93.1,93.1,95.82,"2,743,400","263,403,380",0.0,0.0,0.0,0.0,-1.0
2023-10-16,0.7,0.73%,96.8,98.9,96.3,96.8,97.68,"6,972,400","681,089,858",0.0,0.0,0.0,0.0,-1.0
2023-10-13,-0.3,-0.31%,96.0,96.3,95.3,96.1,95.87,"2,970,000","285,609,380",0.0,0.0,0.0,0.0,1.0
2023-10-12,-0.6,-0.62%,97.0,97.8,96.0,96.4,97.05,"2,199,300","213,448,790",0.0,0.0,0.0,0.0,-1.0
2023-10-11,0.7,0.73%,95.9,98.0,95.9,97.0,96.91,"2,921,800","283,341,610",0.0,0.0,0.0,0.0,-1.0
2023-10-10,0.7,0.73%,96.5,97.2,95.4,96.3,96.26,"5,808,100","555,094,377",0.0,0.0,0.0,0.0,1.0
2023-10-09,2.9,3.13%,92.4,95.6,92.2,95.6,94.51,"4,974,000","470,443,340",0.0,0.0,0.0,0.0,1.0
2023-10-06,1.1,1.20%,91.5,92.8,91.0,92.7,91.96,"1,339,600","123,609,312",0.0,0.0,0.0,0.0,1.0
2023-10-05,-0.9,-0.97%,92.8,93.3,91.6,91.6,92.21,"1,479,100","136,475,741",0.0,0.0,0.0,0.0,1.0
2023-10-04,0.3,0.33%,91.3,93.4,91.3,92.5,92.45,"2,708,201","251,852,413",0.0,0.0,0.0,0.0,-1.0
2023-10-03,-1.0,-1.07%,92.2,93.5,91.5,92.2,92.13,"2,848,600","264,741,997",0.0,0.0,0.0,0.0,1.0
2023-10-02,0.4,0.43%,93.4,93.8,92.0,93.2,92.84,"1,588,140","145,455,310",0.0,0.0,0.0,0.0,-1.0
2023-09-29,-1.2,-1.28%,94.0,94.9,92.8,92.8,93.66,"3,432,000","318,818,285",0.0,0.0,0.0,0.0,1.0
2023-09-28,-0.3,-0.32%,94.1,94.3,91.4,94.0,92.9,"2,106,800","196,534,574",0.0,0.0,0.0,0.0,-1.0
2023-09-27,0.8,0.86%,93.9,94.3,90.4,94.3,91.8,"5,200,401","474,249,816",0.0,0.0,0.0,0.0,-1.0
2023-09-26,-0.8,-0.85%,94.2,95.5,93.1,93.5,94.32,"2,568,000","242,981,289",0.0,0.0,0.0,0.0,1.0
2023-09-25,-2.4,-2.48%,97.0,97.6,94.3,94.3,95.59,"3,150,980","302,944,984",0.0,0.0,0.0,0.0,-1.0
2023-09-22,-0.1,-0.10%,95.1,97.0,92.6,96.7,95.16,"7,808,600","746,024,222",0.0,0.0,0.0,0.0,-1.0
2023-09-21,-1.7,-1.73%,98.5,98.9,96.3,96.8,97.38,"4,477,900","439,365,584",0.0,0.0,0.0,0.0,-1.0
2023-09-20,0.1,0.10%,98.8,99.7,98.5,98.5,99.03,"2,663,500","263,781,179",0.0,0.0,0.0,0.0,-1.0
2023-09-19,1.5,1.55%,96.8,98.4,95.9,98.4,97.3,"4,395,800","428,996,773",0.0,0.0,0.0,0.0,1.0
2023-09-18,-0.6,-0.62%,96.9,96.9,95.7,96.9,96.17,"2,649,500","257,277,934",0.0,0.0,0.0,0.0,1.0
2023-09-15,1.6,1.67%,96.0,97.8,95.3,97.5,95.98,"2,803,000","271,196,203",0.0,0.0,0.0,0.0,-1.0
2023-09-14,-2.1,-2.14%,98.0,98.0,95.5,95.9,96.63,"3,184,700","310,800,061",0.0,0.0,0.0,0.0,1.0
2023-09-13,-0.9,-0.91%,98.9,99.0,97.4,98.0,98.14,"4,776,120","472,284,251",0.0,0.0,0.0,0.0,-1.0
2023-09-12,1.5,1.54%,97.4,98.9,97.4,98.9,98.17,"4,011,513","395,954,636",0.0,0.0,0.0,0.0,-1.0
2023-09-11,-0.2,-0.20%,98.7,99.5,95.3,97.4,96.68,"5,879,810","571,069,274",0.0,0.0,0.0,0.0,1.0
2023-09-08,-0.3,-0.31%,97.5,98.5,97.0,97.6,97.57,"2,635,599","258,460,057",0.0,0.0,0.0,0.0,-1.0
2023-09-07,-1.1,-1.11%,99.0,100.8,97.6,97.9,98.5,"3,641,101","360,763,589",0.0,0.0,0.0,0.0,-1.0
2023-09-06,2.2,2.27%,97.1,99.0,96.3,99.0,97.45,"2,736,401","267,154,630",0.0,0.0,0.0,0.0,-1.0
2023-09-05,0.1,0.10%,97.1,98.7,96.8,96.8,97.43,"1,993,601","196,285,142",0.0,0.0,0.0,0.0,1.0
2023-08-31,0.1,0.10%,96.6,97.5,96.1,96.7,96.8,"1,643,700","160,673,725",0.0,0.0,0.0,0.0,1.0
2023-08-30,3.0,3.21%,93.2,98.2,93.1,96.6,96.06,"3,211,100","310,591,549",0.0,0.0,0.0,0.0,1.0
2023-08-29,-0.4,-0.43%,94.0,94.0,92.8,93.6,93.38,"3,566,800","343,320,048",0.0,0.0,0.0,0.0,1.0
2023-08-28,3.4,3.75%,92.0,94.3,91.0,94.0,92.38,"3,564,701","330,940,331",0.0,0.0,0.0,0.0,-1.0
2023-08-25,0.6,0.67%,89.5,91.0,89.1,90.6,90.01,"3,681,400","336,947,906",0.0,0.0,0.0,0.0,1.0
2023-08-24,4.5,5.26%,85.5,90.1,85.1,90.0,88.68,"6,307,803","554,991,342",0.0,0.0,0.0,0.0,1.0
2023-08-23,0.0,0.00%,86.4,86.8,84.7,86.5,85.8,"5,362,503","479,704,002",0.0,0.0,0.0,0.0,1.0
2023-08-22,0.6,0.70%,86.3,86.5,83.0,86.5,85.1,"3,814,024","334,654,221",0.0,0.0,0.0,0.0,0.0
2023-08-21,0.4,0.47%,85.9,86.7,85.5,85.9,86.06,"3,730,218","327,842,142",0.0,0.0,0.0,0.0,1.0
2023-08-18,-0.5,-0.58%,85.6,87.9,84.3,85.5,85.85,"4,283,705","367,982,779",0.0,0.0,0.0,0.0,1.0
2023-08-17,0.9,1.06%,85.0,87.2,85.0,86.0,86.4,"4,283,009","372,760,090",0.0,0.0,0.0,0.0,-1.0
2023-08-16,1.1,1.31%,83.2,85.2,83.2,85.1,84.55,"4,205,408","354,685,459",0.0,0.0,0.0,0.0,1.0
2023-08-15,1.4,1.69%,82.6,84.3,81.5,84.0,83.03,"1,715,612","142,661,979",0.0,0.0,0.0,0.0,1.0
2023-08-14,0.6,0.73%,82.1,83.2,82.0,82.6,82.5,"1,014,109","83,667,009",0.0,0.0,0.0,0.0,1.0
2023-08-11,-0.2,-0.24%,82.0,83.0,81.5,82.0,82.01,"1,283,362","106,080,731",0.0,0.0,0.0,0.0,1.0
2023-08-10,-0.9,-1.08%,83.1,83.3,82.2,82.2,82.56,"1,393,330","115,343,652",0.0,0.0,0.0,0.0,-1.0
2023-08-09,-1.1,-1.31%,84.0,84.7,83.0,83.1,83.58,"1,472,034","126,171,462",0.0,0.0,0.0,0.0,-1.0
2023-08-08,-0.3,-0.36%,84.0,84.6,83.8,84.2,84.18,"905,718","76,504,309",0.0,0.0,0.0,0.0,-1.0
2023-08-07,1.2,1.44%,83.6,84.5,83.3,84.5,83.94,"752,518","63,168,578",0.0,0.0,0.0,0.0,-1.0
2023-08-04,-0.4,-0.48%,84.0,84.5,83.3,83.3,83.52,"2,507,826","213,697,721",0.0,0.0,0.0,0.0,1.0
2023-08-03,0.2,0.24%,83.8,84.2,82.9,83.7,83.6,"1,007,918","84,835,261",0.0,0.0,0.0,0.0,-1.0
2023-08-02,-1.0,-1.18%,84.5,84.8,83.5,83.5,84.0,"1,716,535","147,582,549",0.0,0.0,0.0,0.0,1.0
2023-08-01,-1.1,-1.29%,85.6,86.3,84.5,84.5,85.48,"1,437,315","123,758,639",0.0,0.0,0.0,0.0,-1.0
2023-07-31,1.2,1.42%,84.7,85.8,84.4,85.6,85.1,"1,512,327","128,905,094",0.0,0.0,0.0,0.0,-1.0
2023-07-28,0.7,0.84%,83.5,84.4,83.1,84.4,83.71,"898,421","75,208,631",0.0,0.0,0.0,0.0,1.0
2023-07-27,1.0,1.21%,82.8,84.4,82.8,83.7,83.76,"1,779,013","150,689,918",0.0,0.0,0.0,0.0,1.0
2023-07-26,1.4,1.72%,81.2,82.7,81.1,82.7,82.02,"1,392,252","114,788,073",0.0,0.0,0.0,0.0,1.0
2023-07-25,0.3,0.37%,81.0,82.2,81.0,81.3,81.48,"1,472,214","122,083,040",0.0,0.0,0.0,0.0,1.0
2023-07-24,0.0,0.00%,81.0,81.3,80.6,81.0,80.96,"6,189,824","484,629,575",0.0,0.0,0.0,0.0,1.0
2023-07-21,0.7,0.87%,79.7,81.0,79.6,81.0,80.29,"1,373,625","110,846,855",0.0,0.0,0.0,0.0,0.0
2023-07-20,1.8,2.29%,78.6,81.3,78.5,80.3,80.22,"2,334,307","187,408,814",0.0,0.0,0.0,0.0,1.0
2023-07-19,-0.2,-0.25%,78.5,78.9,78.3,78.5,78.55,"951,900","76,007,237",0.0,0.0,0.0,0.0,1.0
2023-07-18,-0.3,-0.38%,79.0,79.0,78.1,78.7,78.53,"1,677,400","137,453,909",0.0,0.0,0.0,0.0,-1.0
2023-07-17,0.7,0.89%,79.0,79.2,78.5,79.0,78.86,"1,247,301","97,946,529",0.0,0.0,0.0,0.0,-1.0
2023-07-14,2.5,3.30%,76.9,78.3,76.1,78.3,77.79,"2,822,800","219,597,411",0.0,0.0,0.0,0.0,1.0
2023-07-13,0.5,0.66%,75.8,75.8,75.4,75.8,75.68,"1,354,889","103,037,319",0.0,0.0,0.0,0.0,1.0
2023-07-12,0.3,0.40%,75.0,75.7,74.9,75.3,75.23,"1,084,900","82,514,306",0.0,0.0,0.0,0.0,1.0
2023-07-11,-0.3,-0.40%,75.3,75.4,75.0,75.0,75.17,"2,060,202","160,034,477",0.0,0.0,0.0,0.0,1.0
2023-07-10,0.0,0.00%,75.3,75.9,74.9,75.3,75.21,"1,470,300","111,128,433",0.0,0.0,0.0,0.0,-1.0
2023-07-07,0.7,0.94%,74.2,75.5,74.2,75.3,74.85,"1,168,700","88,826,122",0.0,0.0,0.0,0.0,0.0
2023-07-06,-0.2,-0.27%,74.8,75.2,74.0,74.6,74.52,"1,801,900","135,839,659",0.0,0.0,0.0,0.0,1.0
2023-07-05,0.0,0.00%,75.1,76.5,74.8,74.8,75.41,"2,510,220","192,620,595",0.0,0.0,0.0,0.0,-1.0
2023-07-04,0.6,0.69%,86.4,87.0,86.2,87.0,86.58,"1,328,101","114,983,446",0.0,0.0,0.0,0.0,-1.0
2023-07-03,0.4,0.47%,86.5,86.8,86.0,86.4,86.32,"1,444,151","125,065,365",0.0,0.0,0.0,0.0,1.0
2023-06-30,-0.5,-0.58%,86.5,86.6,86.0,86.0,86.27,"1,193,500","105,373,096",0.0,0.0,0.0,0.0,1.0
2023-06-29,-0.5,-0.57%,87.0,87.1,86.5,86.5,86.71,"1,277,100","115,232,101",0.0,0.0,0.0,0.0,-1.0
2023-06-28,-0.3,-0.34%,87.4,87.8,87.0,87.0,87.29,"1,281,800","113,827,119",0.0,0.0,0.0,0.0,-1.0
2023-06-27,1.5,1.75%,86.0,87.3,86.0,87.3,86.66,"1,737,800","151,619,439",0.0,0.0,0.0,0.0,-1.0
2023-06-26,0.7,0.82%,85.1,85.8,84.6,85.8,85.09,"1,739,803","153,243,122",0.0,0.0,0.0,0.0,1.0
2023-06-23,-0.4,-0.47%,85.6,85.6,84.8,85.1,85.05,"1,556,800","137,072,387",0.0,0.0,0.0,0.0,1.0
2023-06-22,-0.3,-0.35%,86.1,86.5,84.7,85.5,85.42,"1,019,700","87,103,447",0.0,0.0,0.0,0.0,-1.0
2023-06-21,0.3,0.35%,85.5,86.4,85.4,85.8,85.82,"2,665,254","239,664,906",0.0,0.0,0.0,0.0,-1.0
2023-06-20,0.8,0.94%,85.0,85.8,84.7,85.5,85.24,"1,566,300","135,077,094",0.0,0.0,0.0,0.0,1.0
2023-06-19,0.2,0.24%,84.7,85.5,84.5,84.7,84.91,"733,200","62,344,881",0.0,0.0,0.0,0.0,1.0
2023-06-16,0.4,0.48%,84.1,86.2,83.4,84.5,85.19,"2,431,500","208,082,511",0.0,0.0,0.0,0.0,1.0
2023-06-15,-0.1,-0.12%,84.2,84.4,83.6,84.1,83.96,"818,600","68,846,647",0.0,0.0,0.0,0.0,1.0
2023-06-14,-0.2,-0.24%,84.3,84.8,84.1,84.2,84.35,"808,600","69,100,992",0.0,0.0,0.0,0.0,-1.0
2023-06-13,-0.5,-0.59%,84.4,84.9,84.3,84.4,84.57,"1,039,101","91,440,967",0.0,0.0,0.0,0.0,-1.0
2023-06-12,0.3,0.35%,84.5,84.9,83.6,84.9,84.12,"745,700","64,170,679",0.0,0.0,0.0,0.0,-1.0
2023-06-09,1.0,1.20%,84.3,84.7,83.7,84.6,84.32,"953,600","81,793,037",0.0,0.0,0.0,0.0,1.0
2023-06-08,-1.4,-1.65%,84.7,84.9,83.5,83.6,83.99,"1,897,080","162,071,244",0.0,0.0,0.0,0.0,1.0
2023-06-07,-0.3,-0.35%,85.0,85.4,84.3,85.0,84.7,"1,281,946","112,323,905",0.0,0.0,0.0,0.0,-1.0
2023-06-06,0.3,0.35%,85.3,85.3,84.7,85.3,84.99,"514,000","43,682,321",0.0,0.0,0.0,0.0,-1.0
2023-06-05,1.2,1.43%,83.9,85.2,83.8,85.0,84.56,"1,725,300","147,397,684",0.0,0.0,0.0,0.0,1.0
2023-06-02,0.3,0.36%,83.5,84.3,83.1,83.8,83.62,"735,900","61,532,691",0.0,0.0,0.0,0.0,1.0
2023-06-01,-0.6,-0.71%,84.0,84.0,83.1,83.5,83.4,"1,127,300","95,786,831",0.0,0.0,0.0,0.0,1.0
2023-05-31,0.1,0.12%,84.2,84.2,83.1,84.1,83.85,"839,400","70,383,388",0.0,0.0,0.0,0.0,-1.0
2023-05-30,0.9,1.08%,83.0,84.9,82.9,84.0,83.81,"5,462,000","477,125,554",0.0,0.0,0.0,0.0,1.0
2023-05-29,0.0,0.00%,83.5,83.7,82.9,83.1,83.27,"879,600","73,245,682",0.0,0.0,0.0,0.0,1.0
2023-05-26,-0.1,-0.12%,83.1,83.4,82.3,83.1,82.99,"1,410,400","120,327,392",0.0,0.0,0.0,0.0,0.0
2023-05-25,1.9,2.34%,81.2,83.4,81.0,83.2,82.59,"1,391,300","114,913,876",0.0,0.0,0.0,0.0,-1.0
2023-05-24,-0.7,-0.85%,82.0,82.1,81.1,81.3,81.59,"464,300","37,882,790",0.0,0.0,0.0,0.0,1.0
2023-05-23,-0.5,-0.61%,82.5,82.5,81.4,82.0,82.03,"1,144,100","96,576,280",0.0,0.0,0.0,0.0,-1.0
2023-05-22,-0.3,-0.36%,82.8,82.8,82.0,82.5,82.38,"599,000","49,144,290",0.0,0.0,0.0,0.0,-1.0
2023-05-19,-0.1,-0.12%,83.0,83.3,81.8,82.8,82.51,"2,054,000","175,543,626",0.0,0.0,0.0,0.0,-1.0
2023-05-18,1.4,1.72%,81.8,83.0,81.4,82.9,82.3,"1,549,800","127,542,821",0.0,0.0,0.0,0.0,-1.0
2023-05-17,0.0,0.00%,81.9,82.7,81.1,81.5,81.83,"1,361,200","112,680,759",0.0,0.0,0.0,0.0,1.0
2023-05-16,0.5,0.62%,81.0,81.7,80.8,81.5,81.15,"1,370,384","114,079,879",0.0,0.0,0.0,0.0,0.0
2023-05-15,0.5,0.62%,81.4,81.8,80.8,81.0,81.21,"1,399,701","115,940,269",0.0,0.0,0.0,0.0,1.0
2023-05-12,1.4,1.77%,79.3,80.6,78.8,80.5,79.81,"1,243,100","99,980,009",0.0,0.0,0.0,0.0,1.0
2023-05-11,0.1,0.13%,79.1,79.6,79.0,79.1,79.2,"501,000","39,812,882",0.0,0.0,0.0,0.0,1.0
2023-05-10,0.1,0.13%,79.0,79.6,79.0,79.0,79.29,"632,500","50,152,829",0.0,0.0,0.0,0.0,1.0
2023-05-09,0.4,0.51%,78.6,79.8,78.6,78.9,79.2,"605,900","47,987,522",0.0,0.0,0.0,0.0,1.0
2023-05-08,0.1,0.13%,78.5,78.9,78.4,78.5,78.59,"812,901","66,230,925",0.0,0.0,0.0,0.0,1.0
2023-05-05,-0.1,-0.13%,78.6,78.6,78.2,78.4,78.4,"319,200","25,025,650",0.0,0.0,0.0,0.0,1.0
2023-05-04,1.0,1.29%,77.8,78.7,77.6,78.5,78.28,"2,423,868","198,643,338",0.0,0.0,0.0,0.0,-1.0
2023-04-28,-0.8,-1.02%,78.8,78.8,77.5,77.5,77.97,"956,002","74,601,980",0.0,0.0,0.0,0.0,1.0
2023-04-27,0.0,0.00%,78.1,78.8,78.1,78.3,78.42,"221,000","17,331,901",0.0,0.0,0.0,0.0,-1.0
2023-04-26,-0.1,-0.13%,78.1,78.4,77.6,78.3,77.98,"1,290,700","103,669,951",0.0,0.0,0.0,0.0,0.0
2023-04-25,-0.7,-0.88%,79.1,79.3,78.3,78.4,78.75,"957,240","73,234,625",0.0,0.0,0.0,0.0,-1.0
2023-04-24,-0.2,-0.25%,79.5,80.6,79.0,79.1,79.65,"794,500","63,285,476",0.0,0.0,0.0,0.0,-1.0
2023-04-21,-0.1,-0.13%,80.0,80.0,79.3,79.3,79.49,"383,200","30,621,520",0.0,0.0,0.0,0.0,-1.0
2023-04-20,0.1,0.13%,79.8,79.8,79.2,79.4,79.5,"364,400","28,969,760",0.0,0.0,0.0,0.0,-1.0
2023-04-19,-0.1,-0.13%,79.8,79.8,79.3,79.3,79.43,"419,800","33,346,389",0.0,0.0,0.0,0.0,1.0
2023-04-18,-0.2,-0.25%,79.6,80.0,79.2,79.4,79.59,"332,900","26,667,220",0.0,0.0,0.0,0.0,-1.0
2023-04-17,0.0,0.00%,79.6,79.7,79.0,79.6,79.37,"623,120","50,447,830",0.0,0.0,0.0,0.0,-1.0
2023-04-14,0.0,0.00%,79.9,80.1,79.3,79.6,79.61,"562,500","45,677,699",0.0,0.0,0.0,0.0,0.0
2023-04-13,-0.7,-0.87%,80.3,80.4,79.3,79.6,79.78,"560,500","44,838,809",0.0,0.0,0.0,0.0,0.0
2023-04-12,0.0,0.00%,80.3,80.5,79.9,80.3,80.18,"638,204","51,535,451",0.0,0.0,0.0,0.0,-1.0
2023-04-11,0.0,0.00%,80.2,80.5,80.1,80.3,80.25,"534,000","42,851,802",0.0,0.0,0.0,0.0,0.0
2023-04-10,-0.2,-0.25%,81.0,81.0,80.1,80.3,80.48,"769,800","61,951,911",0.0,0.0,0.0,0.0,0.0
2023-04-07,0.2,0.25%,80.2,80.7,80.0,80.5,80.24,"4,318,378","368,177,861",0.0,0.0,0.0,0.0,-1.0
2023-04-06,-0.3,-0.37%,80.7,81.5,80.3,80.3,80.88,"632,912","51,298,170",0.0,0.0,0.0,0.0,1.0
2023-04-05,0.1,0.12%,80.5,80.6,79.7,80.6,80.11,"422,000","33,807,602",0.0,0.0,0.0,0.0,-1.0
2023-04-04,-0.4,-0.49%,80.9,81.0,80.0,80.5,80.52,"584,600","47,069,490",0.0,0.0,0.0,0.0,1.0
2023-04-03,1.8,2.28%,79.4,80.9,79.1,80.9,79.89,"1,190,200","95,176,575",0.0,0.0,0.0,0.0,-1.0
2023-03-31,0.0,0.00%,79.1,79.5,79.0,79.1,79.22,"1,713,600","141,358,823",0.0,0.0,0.0,0.0,1.0
2023-03-30,0.1,0.13%,79.0,79.3,78.8,79.1,79.08,"968,200","79,600,830",0.0,0.0,0.0,0.0,0.0
2023-03-29,-0.2,-0.25%,79.2,79.3,78.6,79.0,78.93,"850,300","69,686,409",0.0,0.0,0.0,0.0,1.0
2023-03-28,0.1,0.13%,79.2,79.2,77.5,79.2,78.91,"1,611,200","130,611,633",0.0,0.0,0.0,0.0,-1.0
2023-03-27,0.5,0.64%,78.9,79.2,78.5,79.1,78.97,"1,058,280","85,064,599",0.0,0.0,0.0,0.0,1.0
2023-03-24,0.6,0.77%,78.3,78.8,78.0,78.6,78.45,"390,700","30,770,370",0.0,0.0,0.0,0.0,1.0
2023-03-23,-0.5,-0.64%,78.4,78.5,77.6,78.0,77.83,"456,600","36,144,249",0.0,0.0,0.0,0.0,1.0
2023-03-22,0.4,0.51%,78.2,78.6,77.6,78.5,78.09,"962,540","77,069,612",0.0,0.0,0.0,0.0,-1.0
2023-03-21,0.5,0.64%,78.6,78.7,77.1,78.1,77.81,"959,474","76,855,593",0.0,0.0,0.0,0.0,1.0
2023-03-20,-1.4,-1.77%,79.1,79.3,77.6,77.6,78.18,"1,416,944","114,867,879",0.0,0.0,0.0,0.0,1.0
2023-03-17,-0.2,-0.25%,79.6,80.0,78.6,79.0,79.24,"429,400","34,024,711",0.0,0.0,0.0,0.0,-1.0
2023-03-16,-1.3,-1.61%,80.0,80.0,78.4,79.2,79.18,"1,202,200","97,626,273",0.0,0.0,0.0,0.0,-1.0
2023-03-15,1.8,2.29%,79.1,80.5,79.1,80.5,79.98,"1,280,200","104,872,621",0.0,0.0,0.0,0.0,-1.0
2023-03-14,-0.2,-0.25%,79.0,79.1,78.5,78.7,78.75,"697,400","56,445,771",0.0,0.0,0.0,0.0,1.0
2023-03-13,-0.6,-0.75%,78.1,79.4,78.1,78.9,78.84,"886,500","69,895,392",0.0,0.0,0.0,0.0,-1.0
2023-03-10,-1.1,-1.36%,80.2,80.4,79.0,79.5,79.45,"640,900","50,918,262",0.0,0.0,0.0,0.0,-1.0
2023-03-09,1.1,1.38%,79.5,80.7,79.2,80.6,79.81,"1,273,200","104,896,948",0.0,0.0,0.0,0.0,-1.0
2023-03-08,0.7,0.89%,78.5,79.5,78.5,79.5,78.82,"1,075,100","87,833,950",0.0,0.0,0.0,0.0,1.0
2023-03-07,0.6,0.77%,79.1,79.9,78.8,78.8,79.25,"900,900","71,866,318",0.0,0.0,0.0,0.0,1.0
2023-03-06,-0.3,-0.38%,78.1,79.8,78.1,78.2,78.91,"845,200","66,835,449",0.0,0.0,0.0,0.0,1.0
2023-03-03,-1.5,-1.88%,79.3,80.0,78.5,78.5,79.13,"740,800","58,615,978",0.0,0.0,0.0,0.0,-1.0
2023-03-02,-0.5,-0.62%,80.0,80.5,79.8,80.0,80.07,"1,697,083","143,520,627",0.0,0.0,0.0,0.0,-1.0
2023-03-01,0.0,0.00%,79.5,80.5,78.7,80.5,79.34,"1,487,800","118,791,623",0.0,0.0,0.0,0.0,-1.0
2023-02-28,0.2,0.25%,80.0,80.7,79.5,80.5,80.17,"962,900","79,708,750",0.0,0.0,0.0,0.0,0.0
2023-02-27,-0.5,-0.62%,80.0,80.5,79.9,80.3,80.11,"1,085,400","87,340,363",0.0,0.0,0.0,0.0,1.0
2023-02-24,-0.6,-0.74%,81.1,81.3,80.4,80.8,80.78,"870,900","72,289,198",0.0,0.0,0.0,0.0,-1.0
2023-02-23,-0.4,-0.49%,81.7,81.7,80.6,81.4,81.09,"10,509,860","912,062,192",0.0,0.0,0.0,0.0,-1.0
2023-02-22,-1.0,-1.21%,82.3,82.5,81.8,81.8,82.1,"1,047,200","87,894,627",0.0,0.0,0.0,0.0,-1.0
2023-02-21,0.0,0.00%,82.8,83.7,82.6,82.8,83.08,"840,000","69,787,150",0.0,0.0,0.0,0.0,-1.0
2023-02-20,1.2,1.47%,81.6,83.0,81.4,82.8,82.35,"1,729,900","144,705,796",0.0,0.0,0.0,0.0,0.0
2023-02-17,0.0,0.00%,81.2,81.6,81.0,81.6,81.19,"547,600","44,493,192",0.0,0.0,0.0,0.0,1.0
2023-02-16,0.0,0.00%,81.6,82.0,80.7,81.6,81.36,"424,200","34,514,592",0.0,0.0,0.0,0.0,0.0
2023-02-15,0.8,0.99%,80.5,81.9,80.3,81.6,81.36,"5,050,600","433,118,819",0.0,0.0,0.0,0.0,0.0
2023-02-14,0.1,0.12%,80.7,81.0,80.2,80.8,80.73,"785,777","64,099,261",0.0,0.0,0.0,0.0,1.0
2023-02-13,0.0,0.00%,80.7,81.2,80.0,80.7,80.7,"2,110,700","178,716,731",0.0,0.0,0.0,0.0,1.0
2023-02-10,0.0,0.00%,81.1,81.2,80.5,80.7,80.78,"2,671,824","226,574,490",0.0,0.0,0.0,0.0,0.0
2023-02-09,-0.5,-0.62%,81.0,81.6,80.7,80.7,81.12,"3,490,500","298,618,702",0.0,0.0,0.0,0.0,0.0
2023-02-08,0.5,0.62%,80.8,81.7,80.6,81.2,81.24,"891,600","73,553,659",0.0,0.0,0.0,0.0,-1.0
2023-02-07,0.2,0.25%,80.5,81.9,80.5,80.7,81.12,"814,700","66,404,501",0.0,0.0,0.0,0.0,1.0
2023-02-06,0.4,0.50%,80.0,81.6,79.7,80.5,80.66,"1,015,724","81,870,560",0.0,0.0,0.0,0.0,1.0
2023-02-03,-1.8,-2.20%,82.0,82.0,80.1,80.1,80.51,"1,980,900","161,275,008",0.0,0.0,0.0,0.0,1.0
2023-02-02,-0.1,-0.12%,82.1,82.4,81.3,81.9,81.62,"2,256,000","189,623,608",0.0,0.0,0.0,0.0,-1.0
2023-02-01,-1.5,-1.80%,84.0,84.0,81.8,82.0,82.66,"1,068,300","88,433,247",0.0,0.0,0.0,0.0,-1.0
2023-01-31,-0.2,-0.24%,83.5,83.7,81.7,83.5,82.75,"1,724,400","144,005,035",0.0,0.0,0.0,0.0,-1.0
2023-01-30,-0.3,-0.36%,84.2,84.4,83.7,83.7,83.98,"914,900","76,974,111",0.0,0.0,0.0,0.0,-1.0
2023-01-27,0.1,0.12%,84.1,85.5,84.0,84.0,85.08,"1,181,700","100,728,308",0.0,0.0,0.0,0.0,-1.0
2023-01-19,0.5,0.60%,83.0,84.2,82.9,83.9,83.6,"1,521,136","128,053,193",0.0,0.0,0.0,0.0,1.0
2023-01-18,1.4,1.71%,82.1,83.4,81.8,83.4,82.72,"1,106,900","92,320,296",0.0,0.0,0.0,0.0,1.0
2023-01-17,1.2,1.49%,81.2,82.0,81.0,82.0,81.53,"1,082,800","88,786,418",0.0,0.0,0.0,0.0,1.0
2023-01-16,0.8,1.00%,80.1,81.0,79.7,80.8,80.34,"574,500","46,156,611",0.0,0.0,0.0,0.0,1.0
2023-01-13,-0.7,-0.87%,80.5,81.2,80.0,80.0,80.58,"999,000","80,996,852",0.0,0.0,0.0,0.0,1.0
2023-01-12,-0.2,-0.25%,81.0,81.5,80.2,80.7,80.66,"572,500","46,185,099",0.0,0.0,0.0,0.0,-1.0
2023-01-11,0.5,0.62%,80.4,81.6,80.4,80.9,81.18,"1,076,900","87,426,543",0.0,0.0,0.0,0.0,-1.0
2023-01-10,0.1,0.12%,80.7,81.3,80.2,80.4,80.66,"4,045,000","343,521,593",0.0,0.0,0.0,0.0,1.0
2023-01-09,0.0,0.00%,80.5,80.9,79.9,80.3,80.19,"518,900","41,608,080",0.0,0.0,0.0,0.0,1.0
2023-01-06,-0.3,-0.37%,80.4,81.1,80.2,80.3,80.58,"719,400","57,972,619",0.0,0.0,0.0,0.0,0.0
2023-01-05,0.6,0.75%,80.2,81.5,80.2,80.6,81.06,"1,012,600","82,084,758",0.0,0.0,0.0,0.0,-1.0
2023-01-04,0.0,0.00%,80.8,81.0,79.3,80.0,80.21,"794,300","63,713,520",0.0,0.0,0.0,0.0,1.0
2023-01-03,3.1,4.03%,76.9,80.0,76.8,80.0,78.91,"1,535,200","121,138,809",0.0,0.0,0.0,0.0,0.0
2022-12-30,0.7,0.92%,76.2,76.9,76.0,76.9,76.47,"1,128,600","88,821,462",0.0,0.0,0.0,0.0,1.0
2022-12-29,-0.5,-0.65%,76.5,77.0,76.2,76.2,76.68,"891,516","68,698,633",0.0,0.0,0.0,0.0,1.0
2022-12-28,0.2,0.26%,77.0,77.0,76.0,76.7,76.55,"589,200","45,102,700",0.0,0.0,0.0,0.0,-1.0
2022-12-27,0.1,0.13%,76.4,77.5,76.0,76.5,76.77,"1,588,616","125,019,273",0.0,0.0,0.0,0.0,1.0
2022-12-26,-1.6,-2.05%,77.7,78.1,76.4,76.4,77.26,"832,500","64,318,142",0.0,0.0,0.0,0.0,1.0
2022-12-23,0.8,1.04%,76.4,78.0,76.2,78.0,77.32,"1,823,000","143,770,051",0.0,0.0,0.0,0.0,-1.0
2022-12-22,0.0,0.00%,77.2,77.5,76.0,77.2,76.8,"1,037,800","81,644,491",0.0,0.0,0.0,0.0,1.0
2022-12-21,0.6,0.78%,77.2,77.4,75.7,77.2,76.75,"852,236","65,957,898",0.0,0.0,0.0,0.0,0.0
2022-12-20,0.0,0.00%,77.2,77.2,75.4,76.6,75.99,"841,200","64,251,884",0.0,0.0,0.0,0.0,1.0
2022-12-19,-1.3,-1.67%,78.3,78.3,76.6,76.6,77.47,"1,026,200","79,496,594",0.0,0.0,0.0,0.0,0.0
2022-12-16,0.2,0.26%,77.0,78.0,76.4,77.9,77.58,"1,126,900","88,616,430",0.0,0.0,0.0,0.0,-1.0
2022-12-15,1.4,1.83%,76.4,78.1,76.4,77.7,77.45,"1,197,500","92,721,033",0.0,0.0,0.0,0.0,1.0
2022-12-14,-0.9,-1.17%,77.2,77.5,76.1,76.3,76.75,"1,766,100","138,807,255",0.0,0.0,0.0,0.0,1.0
2022-12-13,0.2,0.26%,76.2,77.3,75.2,77.2,76.52,"899,700","68,840,626",0.0,0.0,0.0,0.0,-1.0
2022-12-12,-1.0,-1.28%,77.6,78.2,76.4,77.0,77.33,"2,540,500","204,341,552",0.0,0.0,0.0,0.0,1.0
2022-12-09,1.0,1.30%,76.3,78.0,76.2,78.0,77.5,"987,500","76,534,420",0.0,0.0,0.0,0.0,-1.0
2022-12-08,0.5,0.65%,76.9,78.8,75.6,77.0,77.33,"1,298,700","100,570,084",0.0,0.0,0.0,0.0,1.0
2022-12-07,0.5,0.66%,75.9,76.6,74.8,76.5,75.88,"1,098,800","83,754,821",0.0,0.0,0.0,0.0,1.0
2022-12-06,-2.3,-2.94%,78.3,78.9,76.0,76.0,77.82,"1,537,700","119,657,017",0.0,0.0,0.0,0.0,1.0
2022-12-05,0.9,1.16%,78.0,79.0,77.4,78.3,78.17,"1,216,400","95,091,851",0.0,0.0,0.0,0.0,-1.0
2022-12-02,2.7,3.61%,74.7,77.7,74.0,77.4,75.51,"2,901,400","219,090,952",0.0,0.0,0.0,0.0,1.0
2022-12-01,0.1,0.13%,75.1,75.8,74.1,74.7,74.97,"1,776,500","133,191,933",0.0,0.0,0.0,0.0,1.0
2022-11-30,0.3,0.40%,74.5,74.9,73.5,74.6,74.3,"1,048,500","77,741,328",0.0,0.0,0.0,0.0,1.0
2022-11-29,0.0,0.00%,74.9,74.9,73.0,74.3,73.94,"1,143,800","84,572,229",0.0,0.0,0.0,0.0,1.0
2022-11-28,2.3,3.19%,72.4,74.5,72.3,74.3,73.69,"1,283,800","94,545,182",0.0,0.0,0.0,0.0,0.0
2022-11-25,1.5,2.13%,70.6,72.0,70.5,72.0,71.61,"1,467,400","105,841,176",0.0,0.0,0.0,0.0,1.0
2022-11-24,0.0,0.00%,69.8,71.0,69.4,70.5,70.38,"916,400","65,140,211",0.0,0.0,0.0,0.0,1.0
2022-11-23,0.0,0.00%,70.0,71.0,69.7,70.5,70.24,"465,900","32,722,869",0.0,0.0,0.0,0.0,0.0
2022-11-22,0.4,0.57%,70.0,72.0,69.1,70.5,70.72,"1,196,300","84,584,748",0.0,0.0,0.0,0.0,0.0
2022-11-21,-1.4,-1.96%,69.5,71.8,69.5,70.1,70.36,"840,500","59,139,093",0.0,0.0,0.0,0.0,1.0
2022-11-18,0.5,0.70%,70.1,72.0,69.2,71.5,70.83,"1,261,700","89,368,633",0.0,0.0,0.0,0.0,-1.0
2022-11-17,1.7,2.45%,69.3,72.0,64.5,71.0,70.43,"2,082,500","147,917,754",0.0,0.0,0.0,0.0,1.0
2022-11-16,3.4,5.16%,61.3,70.0,61.3,69.3,64.61,"3,318,000","215,954,767",0.0,0.0,0.0,0.0,1.0
2022-11-15,-4.9,-6.92%,70.0,70.0,65.9,65.9,66.43,"9,108,949","660,657,084",0.0,0.0,0.0,0.0,1.0
2022-11-14,-2.0,-2.75%,72.0,72.4,70.0,70.8,70.96,"1,639,000","116,301,326",0.0,0.0,0.0,0.0,-1.0
2022-11-11,-0.2,-0.27%,73.1,73.6,72.0,72.8,72.88,"1,446,800","107,634,104",0.0,0.0,0.0,0.0,-1.0
2022-11-10,-1.0,-1.35%,73.5,73.7,69.1,73.0,71.88,"2,988,600","224,874,089",0.0,0.0,0.0,0.0,-1.0
2022-11-09,0.7,0.95%,73.3,74.3,73.3,74.0,73.8,"897,700","67,018,002",0.0,0.0,0.0,0.0,-1.0
2022-11-08,0.7,0.96%,71.5,73.9,71.4,73.3,72.52,"1,665,000","124,405,347",0.0,0.0,0.0,0.0,1.0
2022-11-07,-0.3,-0.41%,72.6,74.0,72.6,72.6,72.92,"2,036,000","150,682,347",0.0,0.0,0.0,0.0,1.0
2022-11-04,-1.2,-1.62%,74.0,74.0,71.5,72.9,72.76,"2,722,300","204,998,528",0.0,0.0,0.0,0.0,-1.0
2022-11-03,0.1,0.14%,74.5,75.7,73.7,74.1,74.77,"672,400","50,288,012",0.0,0.0,0.0,0.0,-1.0
2022-11-02,-1.5,-1.99%,75.2,76.0,74.0,74.0,74.68,"978,200","73,055,439",0.0,0.0,0.0,0.0,1.0
2022-11-01,-0.1,-0.13%,76.3,76.8,75.0,75.5,76.01,"611,500","46,417,341",0.0,0.0,0.0,0.0,-1.0
2022-10-31,0.6,0.80%,75.0,76.0,73.7,75.6,74.64,"1,084,700","80,962,312",0.0,0.0,0.0,0.0,-1.0
2022-10-28,-0.8,-1.06%,76.3,76.3,74.7,75.0,75.27,"925,800","69,651,698",0.0,0.0,0.0,0.0,1.0
2022-10-27,2.0,2.71%,74.1,76.2,73.7,75.8,74.85,"965,900","72,420,369",0.0,0.0,0.0,0.0,-1.0
2022-10-26,0.6,0.82%,74.5,74.5,72.7,73.8,73.53,"675,100","49,687,359",0.0,0.0,0.0,0.0,1.0
2022-10-25,2.1,2.95%,71.4,74.5,71.1,73.2,72.72,"1,564,600","113,770,656",0.0,0.0,0.0,0.0,1.0
2022-10-24,-2.8,-3.79%,73.9,74.5,71.0,71.1,72.61,"3,214,200","244,730,989",0.0,0.0,0.0,0.0,1.0
2022-10-21,-3.9,-5.01%,77.7,77.7,73.9,73.9,75.39,"2,505,400","196,231,276",0.0,0.0,0.0,0.0,-1.0
2022-10-20,2.3,3.05%,75.8,78.5,75.3,77.8,77.04,"1,817,900","140,380,041",0.0,0.0,0.0,0.0,-1.0
2022-10-19,0.6,0.80%,74.9,76.2,74.7,75.5,75.66,"1,766,700","136,963,716",0.0,0.0,0.0,0.0,1.0
2022-10-18,1.1,1.49%,74.0,75.3,74.0,74.9,74.67,"900,300","67,315,597",0.0,0.0,0.0,0.0,1.0
2022-10-17,-0.2,-0.27%,73.5,73.9,72.6,73.8,73.18,"730,920","53,390,840",0.0,0.0,0.0,0.0,1.0
2022-10-14,1.0,1.37%,74.4,74.5,73.6,74.0,74.08,"844,200","62,540,100",0.0,0.0,0.0,0.0,-1.0
2022-10-13,0.6,0.83%,72.2,73.0,71.5,73.0,72.25,"959,200","69,532,212",0.0,0.0,0.0,0.0,1.0
2022-10-12,1.4,1.97%,71.0,73.3,71.0,72.4,72.28,"1,463,100","105,750,439",0.0,0.0,0.0,0.0,1.0
2022-10-11,-3.0,-4.05%,74.0,74.0,71.0,71.0,72.29,"2,109,700","155,244,906",0.0,0.0,0.0,0.0,1.0
2022-10-10,0.0,0.00%,73.5,75.5,72.1,74.0,73.83,"1,795,400","133,456,023",0.0,0.0,0.0,0.0,-1.0
2022-10-07,-2.5,-3.27%,76.2,76.2,74.0,74.0,74.9,"2,134,000","160,194,167",0.0,0.0,0.0,0.0,0.0
2022-10-06,-1.9,-2.42%,78.9,78.9,76.5,76.5,77.56,"1,266,700","98,243,998",0.0,0.0,0.0,0.0,-1.0
2022-10-05,0.9,1.16%,79.0,79.5,78.4,78.4,78.94,"1,066,835","83,930,570",0.0,0.0,0.0,0.0,-1.0
2022-10-04,0.5,0.65%,78.0,79.0,77.2,77.5,78.0,"2,066,000","161,268,266",0.0,0.0,0.0,0.0,1.0
2022-10-03,-3.5,-4.35%,79.6,80.3,76.4,77.0,78.42,"2,267,300","185,525,916",0.0,0.0,0.0,0.0,1.0
2022-09-30,3.5,4.55%,77.0,80.8,76.9,80.5,78.05,"3,021,900","239,724,830",0.0,0.0,0.0,0.0,-1.0
2022-09-29,-1.0,-1.28%,79.8,80.1,77.0,77.0,78.98,"1,303,900","102,980,327",0.0,0.0,0.0,0.0,1.0
2022-09-28,-2.5,-3.11%,80.1,80.4,78.0,78.0,79.34,"2,048,400","162,525,218",0.0,0.0,0.0,0.0,-1.0
2022-09-27,-1.0,-1.23%,82.0,82.0,80.5,80.5,81.32,"1,102,900","90,303,729",0.0,0.0,0.0,0.0,-1.0
2022-09-26,-0.9,-1.09%,81.5,82.0,80.3,81.5,81.08,"2,124,340","174,063,626",0.0,0.0,0.0,0.0,-1.0
2022-09-23,-0.5,-0.60%,83.1,83.1,82.1,82.4,82.47,"1,189,800","100,030,992",0.0,0.0,0.0,0.0,-1.0
2022-09-22,0.6,0.73%,82.0,83.0,81.9,82.9,82.25,"1,192,400","98,192,468",0.0,0.0,0.0,0.0,-1.0
2022-09-21,-1.1,-1.32%,83.3,83.3,82.3,82.3,82.52,"775,400","63,983,961",0.0,0.0,0.0,0.0,1.0
2022-09-20,0.3,0.36%,83.1,83.8,82.3,83.4,82.9,"1,976,300","172,240,350",0.0,0.0,0.0,0.0,-1.0
2022-09-19,0.6,0.73%,82.5,83.6,81.9,83.1,82.51,"2,033,700","166,372,463",0.0,0.0,0.0,0.0,1.0
2022-09-16,-1.2,-1.43%,83.7,83.9,82.5,82.5,83.12,"1,360,100","113,049,268",0.0,0.0,0.0,0.0,1.0
2022-09-15,-0.3,-0.36%,84.5,84.5,83.7,83.7,83.94,"959,600","81,482,131",0.0,0.0,0.0,0.0,-1.0
2022-09-14,-0.6,-0.71%,83.5,84.5,83.5,84.0,83.83,"1,474,901","124,751,729",0.0,0.0,0.0,0.0,-1.0
2022-09-13,0.0,0.00%,85.0,85.3,84.3,84.6,84.83,"1,277,702","109,703,077",0.0,0.0,0.0,0.0,-1.0
2022-09-12,0.3,0.36%,85.1,85.2,84.3,84.6,84.76,"767,000","64,992,601",0.0,0.0,0.0,0.0,0.0
2022-09-09,0.0,0.00%,84.6,85.0,84.3,84.3,84.59,"1,145,400","96,894,094",0.0,0.0,0.0,0.0,1.0
2022-09-08,0.3,0.36%,84.1,85.0,83.8,84.3,84.29,"1,299,800","110,178,552",0.0,0.0,0.0,0.0,0.0
2022-09-07,-1.8,-2.10%,85.5,85.9,84.0,84.0,84.8,"2,318,200","197,154,573",0.0,0.0,0.0,0.0,1.0
2022-09-06,-0.4,-0.46%,86.0,86.4,85.8,85.8,86.09,"1,593,900","139,794,254",0.0,0.0,0.0,0.0,-1.0
2022-09-05,-0.4,-0.46%,86.5,86.7,85.9,86.2,86.22,"1,110,900","96,355,784",0.0,0.0,0.0,0.0,-1.0
2022-08-31,0.2,0.23%,85.8,87.0,85.8,86.6,86.28,"1,350,100","117,569,365",0.0,0.0,0.0,0.0,-1.0
2022-08-30,-0.1,-0.12%,86.5,87.0,86.0,86.4,86.49,"1,303,200","113,618,151",0.0,0.0,0.0,0.0,1.0
2022-08-29,-0.7,-0.80%,87.0,87.0,84.7,86.5,85.88,"2,541,100","220,302,047",0.0,0.0,0.0,0.0,-1.0
2022-08-26,0.9,1.04%,86.4,87.8,86.3,87.2,87.11,"1,956,600","170,541,948",0.0,0.0,0.0,0.0,-1.0
2022-08-25,0.1,0.12%,86.2,86.7,86.0,86.3,86.22,"1,164,800","100,555,983",0.0,0.0,0.0,0.0,1.0
2022-08-24,0.2,0.23%,86.5,86.8,86.1,86.2,86.47,"1,067,000","92,588,218",0.0,0.0,0.0,0.0,1.0
2022-08-23,0.2,0.23%,86.1,87.0,86.1,87.0,86.52,"1,113,300","96,320,687",0.0,0.0,0.0,0.0,-1.0
2022-08-22,-0.1,-0.12%,86.6,87.3,85.9,86.8,86.52,"1,662,100","143,988,484",0.0,0.0,0.0,0.0,1.0
2022-08-19,-1.4,-1.59%,88.0,88.5,86.2,86.9,87.4,"2,101,600","183,721,234",0.0,0.0,0.0,0.0,-1.0
2022-08-18,0.0,0.00%,87.9,89.7,87.9,88.3,88.62,"3,352,900","301,758,202",0.0,0.0,0.0,0.0,-1.0
2022-08-17,-0.4,-0.45%,89.0,89.1,88.0,88.3,88.61,"1,506,200","133,470,753",0.0,0.0,0.0,0.0,0.0
2022-08-16,-0.2,-0.22%,88.9,89.4,88.1,88.7,88.81,"1,415,800","125,540,629",0.0,0.0,0.0,0.0,-1.0
2022-08-15,2.4,2.77%,86.6,89.1,86.6,88.9,88.08,"3,330,000","293,444,760",0.0,0.0,0.0,0.0,-1.0
2022-08-12,0.5,0.58%,85.7,86.5,85.7,86.5,86.01,"1,298,500","111,353,264",0.0,0.0,0.0,0.0,1.0
2022-08-11,0.0,0.00%,86.2,86.8,85.7,86.0,86.22,"2,535,800","221,868,710",0.0,0.0,0.0,0.0,1.0
2022-08-10,-0.2,-0.23%,86.3,86.7,86.0,86.0,86.14,"1,189,100","102,760,025",0.0,0.0,0.0,0.0,0.0
2022-08-09,0.2,0.23%,86.0,87.5,85.7,86.2,86.54,"2,772,500","241,478,529",0.0,0.0,0.0,0.0,-1.0
2022-08-08,0.2,0.23%,85.9,86.4,85.3,86.0,85.73,"1,670,200","143,564,920",0.0,0.0,0.0,0.0,1.0
2022-08-05,-0.3,-0.35%,86.1,87.2,85.6,85.8,86.34,"2,275,100","198,185,877",0.0,0.0,0.0,0.0,1.0
2022-08-04,1.3,1.53%,85.1,86.6,84.9,86.1,85.99,"3,299,500","284,073,772",0.0,0.0,0.0,0.0,-1.0
2022-08-03,-0.2,-0.24%,85.0,85.2,84.2,84.8,84.59,"2,443,800","207,302,311",0.0,0.0,0.0,0.0,1.0
2022-08-02,1.0,1.19%,84.0,85.1,83.5,85.0,84.34,"1,879,700","158,534,725",0.0,0.0,0.0,0.0,-1.0
2022-08-01,0.5,0.60%,84.0,84.2,83.1,84.0,83.51,"2,404,100","201,353,684",0.0,0.0,0.0,0.0,1.0
2022-07-29,-1.4,-1.65%,85.1,85.2,83.5,83.5,84.0,"2,143,800","180,415,343",0.0,0.0,0.0,0.0,1.0
2022-07-28,-0.3,-0.35%,85.2,85.8,83.1,84.9,85.19,"2,335,900","199,659,250",0.0,0.0,0.0,0.0,-1.0
2022-07-27,0.4,0.47%,84.6,85.2,84.4,85.2,84.73,"1,271,232","108,101,198",0.0,0.0,0.0,0.0,-1.0
2022-07-26,-0.6,-0.70%,86.0,86.0,84.8,84.8,85.39,"1,440,400","123,253,454",0.0,0.0,0.0,0.0,1.0
2022-07-25,0.3,0.35%,87.0,87.0,85.1,85.4,86.3,"2,245,900","193,826,740",0.0,0.0,0.0,0.0,-1.0
2022-07-22,0.1,0.12%,86.4,86.5,85.1,85.1,85.67,"2,190,600","188,293,527",0.0,0.0,0.0,0.0,1.0
2022-07-21,0.1,0.12%,85.9,85.9,84.5,85.0,85.4,"2,512,600","214,359,984",0.0,0.0,0.0,0.0,1.0
2022-07-20,1.9,2.29%,85.0,85.9,84.0,84.9,84.92,"4,169,280","354,001,758",0.0,0.0,0.0,0.0,1.0
2022-07-19,0.0,0.00%,82.9,83.0,82.2,83.0,82.58,"2,342,800","194,824,446",0.0,0.0,0.0,0.0,1.0
2022-07-18,0.8,0.97%,82.8,84.5,82.3,83.0,83.39,"1,364,900","113,821,195",0.0,0.0,0.0,0.0,0.0
2022-07-15,-0.6,-0.72%,84.0,84.0,82.2,82.2,82.97,"1,802,200","149,877,759",0.0,0.0,0.0,0.0,1.0
2022-07-14,0.3,0.36%,82.8,83.5,82.2,82.8,82.95,"2,203,500","183,049,130",0.0,0.0,0.0,0.0,-1.0
2022-07-13,-1.0,-1.20%,84.0,84.0,82.5,82.5,83.06,"1,764,700","146,564,515",0.0,0.0,0.0,0.0,1.0
2022-07-12,0.7,0.85%,82.8,83.5,82.7,83.5,83.27,"918,300","76,878,383",0.0,0.0,0.0,0.0,-1.0
2022-07-11,-0.8,-0.96%,84.6,84.6,82.8,82.8,83.56,"1,398,800","117,577,445",0.0,0.0,0.0,0.0,1.0
2022-07-08,0.5,0.60%,83.9,84.0,83.1,83.6,83.47,"1,937,500","162,873,406",0.0,0.0,0.0,0.0,-1.0
2022-07-07,-0.4,-0.48%,83.9,84.6,83.1,83.1,83.75,"2,486,500","209,948,883",0.0,0.0,0.0,0.0,1.0
2022-07-06,-1.9,-2.22%,84.1,85.9,83.5,83.5,84.38,"3,756,400","320,180,935",0.0,0.0,0.0,0.0,-1.0
2022-07-05,-1.3,-1.50%,87.8,87.8,85.4,85.4,86.25,"2,122,800","184,681,220",0.0,0.0,0.0,0.0,-1.0
2022-07-04,-1.3,-1.48%,88.5,88.5,86.0,86.7,87.43,"1,005,500","87,915,621",0.0,0.0,0.0,0.0,-1.0
2022-07-01,1.8,2.09%,87.0,88.8,84.8,88.0,86.35,"2,766,500","241,588,980",0.0,0.0,0.0,0.0,-1.0
2022-06-30,-3.8,-4.22%,89.5,89.9,86.2,86.2,87.85,"2,026,200","180,164,345",0.0,0.0,0.0,0.0,1.0
2022-06-29,0.3,0.33%,88.9,90.0,88.2,90.0,89.13,"2,808,800","255,578,266",0.0,0.0,0.0,0.0,-1.0
2022-06-28,3.2,3.70%,89.5,90.2,87.2,89.7,89.07,"3,878,200","345,765,908",0.0,0.0,0.0,0.0,1.0
2022-06-27,1.0,1.17%,86.4,87.9,85.9,86.5,87.06,"2,519,100","221,697,707",0.0,0.0,0.0,0.0,1.0
2022-06-24,0.0,0.00%,86.1,87.8,85.5,85.5,86.5,"931,400","80,709,093",0.0,0.0,0.0,0.0,1.0
2022-06-23,1.0,1.18%,84.0,86.8,83.7,85.5,85.16,"3,422,125","294,128,104",0.0,0.0,0.0,0.0,0.0
2022-06-22,-4.6,-5.16%,89.8,90.4,84.4,84.5,87.58,"3,426,300","303,232,553",0.0,0.0,0.0,0.0,1.0
2022-06-21,-2.9,-3.15%,92.4,93.5,89.0,89.1,91.42,"3,188,800","293,980,353",0.0,0.0,0.0,0.0,-1.0
2022-06-20,0.0,0.00%,93.5,94.5,91.3,92.0,92.86,"2,667,500","248,496,981",0.0,0.0,0.0,0.0,-1.0
2022-06-17,0.0,0.00%,90.3,92.6,89.0,92.0,90.4,"4,164,800","390,750,095",0.0,0.0,0.0,0.0,0.0
2022-06-16,1.5,1.66%,91.0,93.8,90.2,92.0,92.05,"3,387,500","315,959,503",0.0,0.0,0.0,0.0,0.0
2022-06-15,1.4,1.57%,90.6,90.6,88.0,90.5,89.66,"2,866,700","262,935,951",0.0,0.0,0.0,0.0,1.0
2022-06-14,2.9,3.36%,86.0,89.9,85.5,89.1,88.17,"2,895,400","257,490,202",0.0,0.0,0.0,0.0,1.0
2022-06-13,-4.6,-5.07%,88.0,90.8,86.0,86.2,88.58,"3,835,600","343,518,413",0.0,0.0,0.0,0.0,1.0
2022-06-10,-5.3,-4.60%,113.4,114.7,110.0,110.0,112.81,"4,131,600","478,247,074",0.0,0.0,0.0,0.0,-1.0
2022-06-09,0.3,0.26%,115.5,115.9,113.3,115.3,114.5,"2,415,400","282,593,892",0.0,0.0,0.0,0.0,-1.0
2022-06-08,-0.6,-0.52%,116.3,117.6,114.5,115.0,115.98,"3,038,600","354,981,077",0.0,0.0,0.0,0.0,1.0
2022-06-07,2.6,2.30%,112.7,115.6,108.6,115.6,111.98,"6,026,500","693,751,173",0.0,0.0,0.0,0.0,-1.0
2022-06-06,-1.0,-0.88%,114.0,116.0,112.0,113.0,114.47,"3,317,400","384,652,779",0.0,0.0,0.0,0.0,1.0
2022-06-03,2.5,2.24%,111.5,114.0,110.9,114.0,112.23,"2,620,100","300,162,031",0.0,0.0,0.0,0.0,-1.0
2022-06-02,-0.3,-0.27%,112.8,114.8,111.1,111.5,113.35,"2,763,900","316,088,871",0.0,0.0,0.0,0.0,1.0
2022-06-01,1.9,1.73%,109.9,112.9,109.8,111.8,111.48,"3,350,800","381,467,090",0.0,0.0,0.0,0.0,-1.0
2022-05-31,-1.4,-1.26%,111.3,111.3,107.5,109.9,109.52,"2,855,300","319,317,970",0.0,0.0,0.0,0.0,1.0
2022-05-30,-0.5,-0.45%,111.1,112.4,109.2,111.3,111.02,"10,997,000","1,293,616,090",0.0,0.0,0.0,0.0,-1.0
2022-05-27,6.2,5.87%,105.6,112.0,105.5,111.8,110.04,"4,495,100","496,423,337",0.0,0.0,0.0,0.0,-1.0
2022-05-26,0.6,0.57%,105.2,107.1,104.6,105.6,105.73,"1,766,400","188,502,245",0.0,0.0,0.0,0.0,1.0
2022-05-25,6.8,6.92%,99.5,105.0,98.7,105.0,102.83,"3,770,800","387,737,940",0.0,0.0,0.0,0.0,1.0
2022-05-24,1.7,1.76%,96.5,98.2,96.0,98.2,97.33,"1,404,700","136,841,047",0.0,0.0,0.0,0.0,1.0
2022-05-23,-1.0,-1.03%,98.2,98.2,96.1,96.5,97.37,"1,343,359","129,429,479",0.0,0.0,0.0,0.0,1.0
2022-05-20,0.5,0.52%,97.7,98.9,97.0,97.5,97.87,"1,440,400","141,149,006",0.0,0.0,0.0,0.0,-1.0
2022-05-19,-0.7,-0.72%,95.1,97.7,95.1,97.0,96.47,"2,556,700","257,311,310",0.0,0.0,0.0,0.0,1.0
2022-05-18,-2.0,-2.01%,99.7,100.1,97.5,97.7,98.45,"2,014,400","198,975,638",0.0,0.0,0.0,0.0,-1.0
2022-05-17,6.5,6.97%,93.0,99.7,92.5,99.7,95.72,"2,045,800","195,821,071",0.0,0.0,0.0,0.0,-1.0
2022-05-16,-0.4,-0.43%,97.5,97.5,93.2,93.2,95.52,"1,740,900","166,299,002",0.0,0.0,0.0,0.0,1.0
2022-05-13,-2.0,-2.09%,96.1,99.0,93.1,93.6,95.98,"4,186,100","402,283,039",0.0,0.0,0.0,0.0,-1.0
2022-05-12,-6.3,-6.18%,99.3,101.9,95.0,95.6,98.85,"4,275,700","439,749,625",0.0,0.0,0.0,0.0,-1.0
2022-05-11,3.5,3.56%,98.0,101.9,96.8,101.9,99.3,"2,307,500","232,910,954",0.0,0.0,0.0,0.0,-1.0
2022-05-10,4.4,4.68%,94.0,98.8,92.0,98.4,95.37,"3,735,300","360,953,049",0.0,0.0,0.0,0.0,1.0
2022-05-09,-6.2,-6.19%,98.3,99.0,94.0,94.0,96.72,"5,070,700","496,423,973",0.0,0.0,0.0,0.0,1.0
2022-05-06,-4.5,-4.30%,102.3,104.0,100.2,100.2,102.41,"3,234,500","338,960,663",0.0,0.0,0.0,0.0,-1.0
2022-05-05,0.2,0.19%,104.6,105.5,101.9,104.7,104.14,"2,453,900","254,144,373",0.0,0.0,0.0,0.0,-1.0
2022-05-04,-0.5,-0.48%,104.9,105.9,104.1,104.5,104.74,"2,098,400","223,421,615",0.0,0.0,0.0,0.0,1.0
2022-04-29,-0.5,-0.47%,105.0,107.1,104.2,105.0,105.42,"4,011,500","423,033,863",0.0,0.0,0.0,0.0,-1.0
2022-04-28,2.5,2.43%,102.9,106.8,102.5,105.5,104.54,"3,147,500","332,525,705",0.0,0.0,0.0,0.0,-1.0
2022-04-27,-1.3,-1.25%,102.5,104.0,100.5,103.0,102.04,"3,161,700","328,333,577",0.0,0.0,0.0,0.0,1.0
2022-04-26,0.9,0.87%,100.2,105.0,97.0,104.3,100.47,"5,537,400","557,403,920",0.0,0.0,0.0,0.0,-1.0
2022-04-25,-7.7,-6.93%,110.1,110.9,103.4,103.4,105.28,"6,019,525","649,539,228",0.0,0.0,0.0,0.0,1.0
2022-04-22,-0.9,-0.80%,112.5,113.9,106.0,111.1,110.06,"11,878,200","1,367,418,917",0.0,0.0,0.0,0.0,-1.0
2022-04-21,0.0,0.00%,111.2,115.9,111.2,112.0,113.5,"4,068,500","461,779,144",0.0,0.0,0.0,0.0,-1.0
2022-04-20,0.0,0.00%,112.0,113.0,109.6,112.0,111.87,"3,350,000","375,204,670",0.0,0.0,0.0,0.0,0.0
2022-04-19,-3.5,-3.03%,116.5,117.0,112.0,112.0,114.47,"8,196,978","969,384,804",0.0,0.0,0.0,0.0,0.0
2022-04-18,0.5,0.43%,115.0,118.6,114.0,115.5,116.6,"3,847,800","451,816,033",0.0,0.0,0.0,0.0,-1.0
2022-04-15,-1.6,-1.37%,115.1,117.9,114.0,115.0,115.62,"4,074,500","479,736,476",0.0,0.0,0.0,0.0,1.0
2022-04-14,1.5,1.30%,115.2,118.9,115.2,116.6,117.27,"5,399,800","641,863,140",0.0,0.0,0.0,0.0,-1.0
2022-04-13,5.3,4.83%,110.0,115.1,109.8,115.1,112.76,"3,513,600","397,083,699",0.0,0.0,0.0,0.0,1.0
2022-04-12,1.3,1.20%,109.0,111.5,106.6,109.8,108.32,"3,678,500","402,432,400",0.0,0.0,0.0,0.0,1.0
